year,date_doy,month,day,source_type,source,tempC,tempF,doy_100yr
801,NA,NA,NA,NA,-,NA,NA,NA
802,NA,NA,NA,NA,-,NA,NA,NA
803,NA,NA,NA,NA,-,NA,NA,NA
804,NA,NA,NA,NA,-,NA,NA,NA
805,NA,NA,NA,NA,-,NA,NA,NA
806,NA,NA,NA,NA,-,NA,NA,NA
807,NA,NA,NA,NA,-,NA,NA,NA
808,NA,NA,NA,NA,-,NA,NA,NA
809,NA,NA,NA,NA,-,NA,NA,NA
810,NA,NA,NA,NA,-,NA,NA,NA
811,NA,NA,NA,NA,-,NA,NA,NA
812,92,Apr,1,2,NIHON-KOKI,9.9,49.82,NA
813,NA,NA,NA,NA,-,NA,NA,NA
814,NA,NA,NA,NA,-,NA,NA,NA
815,105,Apr,15,2,NIHON-KOKI,6,42.8,NA
816,NA,NA,NA,NA,-,NA,NA,NA
817,NA,NA,NA,NA,-,NA,NA,NA
818,NA,NA,NA,NA,-,NA,NA,NA
819,NA,NA,NA,NA,-,NA,NA,NA
820,NA,NA,NA,NA,-,NA,NA,NA
821,NA,NA,NA,NA,-,NA,NA,NA
822,NA,NA,NA,NA,-,NA,NA,NA
823,NA,NA,NA,NA,-,NA,NA,NA
824,NA,NA,NA,NA,-,NA,NA,NA
825,NA,NA,NA,NA,-,NA,NA,NA
826,NA,NA,NA,NA,-,NA,NA,NA
827,NA,NA,NA,NA,-,NA,NA,NA
828,NA,NA,NA,NA,-,NA,NA,NA
829,NA,NA,NA,NA,-,NA,NA,NA
830,NA,NA,NA,NA,-,NA,NA,NA
831,96,Apr,6,2,NIHON-KOKI,8.6,47.48,NA
832,NA,NA,NA,NA,-,NA,NA,NA
833,NA,NA,NA,NA,-,NA,NA,NA
834,NA,NA,NA,NA,-,NA,NA,NA
835,NA,NA,NA,NA,-,NA,NA,NA
836,NA,NA,NA,NA,-,NA,NA,NA
837,NA,NA,NA,NA,-,NA,NA,NA
838,NA,NA,NA,NA,-,NA,NA,NA
839,NA,NA,NA,NA,-,NA,NA,NA
840,NA,NA,NA,NA,-,NA,NA,NA
841,NA,NA,NA,NA,-,NA,NA,NA
842,NA,NA,NA,NA,-,NA,NA,NA
843,NA,NA,NA,NA,-,NA,NA,NA
844,NA,NA,NA,NA,-,NA,NA,NA
845,NA,NA,NA,NA,-,NA,NA,NA
846,NA,NA,NA,NA,-,NA,NA,NA
847,NA,NA,NA,NA,-,NA,NA,NA
848,NA,NA,NA,NA,-,NA,NA,NA
849,NA,NA,NA,NA,-,NA,NA,NA
850,NA,NA,NA,NA,-,NA,NA,NA
851,108,Apr,18,2,MONTOKUTENNO-JITSUROKU,5.2,41.36,NA
852,NA,NA,NA,NA,-,NA,NA,NA
853,104,Apr,14,2,MONTOKUTENNO-JITSUROKU,6.3,43.34,NA
854,NA,NA,NA,NA,-,NA,NA,NA
855,NA,NA,NA,NA,-,NA,NA,NA
856,NA,NA,NA,NA,-,NA,NA,NA
857,NA,NA,NA,NA,-,NA,NA,NA
858,NA,NA,NA,NA,-,NA,NA,NA
859,NA,NA,NA,NA,-,NA,NA,NA
860,NA,NA,NA,NA,-,NA,NA,NA
861,NA,NA,NA,NA,-,NA,NA,NA
862,NA,NA,NA,NA,-,NA,NA,NA
863,NA,NA,NA,NA,-,NA,NA,NA
864,100,Apr,9,2,NIPPON-SANDAI-JITSUROKU,7.4,45.32,NA
865,NA,NA,NA,NA,-,NA,NA,NA
866,106,Apr,16,2,NIPPON-SANDAI-JITSUROKU,5.7,42.26,NA
867,NA,NA,NA,NA,-,NA,NA,NA
868,NA,NA,NA,NA,-,NA,NA,NA
869,95,Apr,5,2,KANKE-BUNSOU,8.9,48.02,NA
870,NA,NA,NA,NA,-,NA,NA,NA
871,NA,NA,NA,NA,-,NA,NA,NA
872,NA,NA,NA,NA,-,NA,NA,NA
873,NA,NA,NA,NA,-,NA,NA,NA
874,NA,NA,NA,NA,-,NA,NA,NA
875,NA,NA,NA,NA,-,NA,NA,NA
876,NA,NA,NA,NA,-,NA,NA,NA
877,NA,NA,NA,NA,-,NA,NA,NA
878,NA,NA,NA,NA,-,NA,NA,NA
879,NA,NA,NA,NA,-,NA,NA,NA
880,NA,NA,NA,NA,-,NA,NA,NA
881,NA,NA,NA,NA,-,NA,NA,NA
882,NA,NA,NA,NA,-,NA,NA,NA
883,NA,NA,NA,NA,-,NA,NA,NA
884,NA,NA,NA,NA,-,NA,NA,NA
885,NA,NA,NA,NA,-,NA,NA,NA
886,NA,NA,NA,NA,-,NA,NA,NA
887,NA,NA,NA,NA,-,NA,NA,NA
888,NA,NA,NA,NA,-,NA,NA,NA
889,104,Apr,14,2,NIPPON-SANDAI-JITSUROKU,6.3,43.34,NA
890,NA,NA,NA,NA,-,NA,NA,NA
891,109,Apr,19,4,NIHONKIRYAKU,4.9,40.82,NA
892,108,Apr,17,3,FUSHIMIIN-GOKIROKKU,5.2,41.36,NA
893,NA,NA,NA,NA,-,NA,NA,NA
894,106,Apr,16,2,KANKE-BUNSOU,5.7,42.26,NA
895,104,Apr,14,4,NIHONKIRYAKU,6.3,43.34,NA
896,104,Apr,13,4,NIPPON-SANDAI-JITSUROKU,6.3,43.34,NA
897,NA,NA,NA,NA,-,NA,NA,NA
898,NA,NA,NA,NA,-,NA,NA,NA
899,NA,NA,NA,NA,-,NA,NA,NA
900,NA,NA,NA,NA,-,NA,NA,102.92857142857143
901,NA,NA,NA,NA,-,NA,NA,102.92857142857143
902,102,Apr,12,8,EST-from-WF(NIHONGI-RYAKU),6.9,44.42,102.86666666666666
903,NA,NA,NA,NA,-,NA,NA,102.86666666666666
904,NA,NA,NA,NA,-,NA,NA,102.86666666666666
905,NA,NA,NA,NA,-,NA,NA,102.86666666666666
906,NA,NA,NA,NA,-,NA,NA,102.86666666666666
907,NA,NA,NA,NA,-,NA,NA,102.86666666666666
908,98,Apr,7,8,EST-from-WF(KIMITADA-SHU),8,46.4,102.5625
909,NA,NA,NA,NA,-,NA,NA,102.5625
910,NA,NA,NA,NA,-,NA,NA,102.5625
911,NA,NA,NA,NA,-,NA,NA,102.5625
912,95,Apr,4,2,SHINGISHIKI,8.9,48.02,102.75
913,110,Apr,20,2,SHUI-WAKASHU,4.6,40.28,103.17647058823529
914,NA,NA,NA,NA,-,NA,NA,103.17647058823529
915,NA,NA,NA,NA,-,NA,NA,103.0625
916,NA,NA,NA,NA,-,NA,NA,103.0625
917,95,Apr,5,2,KINHISHO,8.9,48.02,102.58823529411765
918,NA,NA,NA,NA,-,NA,NA,102.58823529411765
919,NA,NA,NA,NA,-,NA,NA,102.58823529411765
920,NA,NA,NA,NA,-,NA,NA,102.58823529411765
921,NA,NA,NA,NA,-,NA,NA,102.58823529411765
922,NA,NA,NA,NA,-,NA,NA,102.58823529411765
923,104,Apr,14,4,ZOKU-KOKIN-WAKASHU,6.3,43.34,102.66666666666667
924,NA,NA,NA,NA,-,NA,NA,102.66666666666667
925,NA,NA,NA,NA,-,NA,NA,102.66666666666667
926,98,Apr,8,2,NIHONKIRYAKU,8,46.4,102.42105263157895
927,NA,NA,NA,NA,-,NA,NA,102.42105263157895
928,NA,NA,NA,NA,-,NA,NA,102.42105263157895
929,NA,NA,NA,NA,-,NA,NA,102.42105263157895
930,97,Apr,7,8,EST-from-WF(SHIRYO-SORAN),8.3,46.94,102.15
931,NA,NA,NA,NA,-,NA,NA,102.47368421052632
932,NA,NA,NA,NA,-,NA,NA,102.47368421052632
933,106,Apr,16,8,EST-from-WF(SHIRYO-SORAN),5.7,42.26,102.65
934,NA,NA,NA,NA,-,NA,NA,102.65
935,NA,NA,NA,NA,-,NA,NA,102.65
936,NA,NA,NA,NA,-,NA,NA,102.65
937,NA,NA,NA,NA,-,NA,NA,102.65
938,NA,NA,NA,NA,-,NA,NA,102.65
939,NA,NA,NA,NA,-,NA,NA,102.65
940,NA,NA,NA,NA,-,NA,NA,102.65
941,109,Apr,19,2,NIHONKIRYAKU,4.9,40.82,102.95238095238095
942,NA,NA,NA,NA,-,NA,NA,102.95238095238095
943,NA,NA,NA,NA,-,NA,NA,102.95238095238095
944,NA,NA,NA,NA,-,NA,NA,102.95238095238095
945,NA,NA,NA,NA,-,NA,NA,102.95238095238095
946,NA,NA,NA,NA,-,NA,NA,102.95238095238095
947,NA,NA,NA,NA,-,NA,NA,102.95238095238095
948,NA,NA,NA,NA,-,NA,NA,102.95238095238095
949,107,Apr,17,2,NIHONKIRYAKU,5.4,41.72,103.13636363636364
950,95,Apr,5,2,DAINIHON-SHIRYO,8.9,48.02,102.78260869565217
951,NA,NA,NA,NA,-,NA,NA,102.54545454545455
952,NA,NA,NA,NA,-,NA,NA,102.54545454545455
953,NA,NA,NA,NA,-,NA,NA,102.47619047619048
954,NA,NA,NA,NA,-,NA,NA,102.47619047619048
955,89,Mar,30,4,SHUISHO,10.8,51.44,101.86363636363636
956,NA,NA,NA,NA,-,NA,NA,101.86363636363636
957,112,Apr,22,2,NIHONKIRYAKU,4.1,39.38,102.30434782608695
958,109,Apr,19,2,NIHONKIRYAKU,4.9,40.82,102.58333333333333
959,97,Apr,7,2,KYUREKI,8.3,46.94,102.36
960,101,Apr,10,2,KYUREKI,7.2,44.96,102.3076923076923
961,87,Mar,28,2,NIHONKIRYAKU,11.5,52.7,101.74074074074075
962,NA,NA,NA,NA,-,NA,NA,101.74074074074075
963,94,Apr,4,2,NIHONKIRYAKU,9.3,48.74,101.46428571428571
964,NA,NA,NA,NA,-,NA,NA,101.51851851851852
965,104,Apr,14,2,NIHONKIRYAKU,6.3,43.34,101.60714285714286
966,98,Apr,8,2,NIHONKIRYAKU,8,46.4,101.32142857142857
967,103,Apr,13,2,NIHONKIRYAKU,6.6,43.88,101.37931034482759
968,NA,NA,NA,NA,-,NA,NA,101.37931034482759
969,98,Apr,8,4,NIHONKIRYAKU,8,46.4,101.48275862068965
970,NA,NA,NA,NA,-,NA,NA,101.48275862068965
971,NA,NA,NA,NA,-,NA,NA,101.48275862068965
972,107,Apr,16,8,EST-from-WF(SHIRYO-SORAN),5.4,41.72,101.66666666666667
973,NA,NA,NA,NA,-,NA,NA,101.66666666666667
974,108,Apr,18,2,NIHONKIRYAKU,5.2,41.36,101.87096774193549
975,101,Apr,11,2,NIHONKIRYAKU,7.2,44.96,101.84375
976,NA,NA,NA,NA,-,NA,NA,101.84375
977,112,Apr,22,2,FUSO-RYAKKI,4.1,39.38,102.15151515151516
978,NA,NA,NA,NA,-,NA,NA,102.15151515151516
979,104,Apr,14,3,DAINIHON-SHIRYO,6.3,43.34,102.20588235294117
980,NA,NA,NA,NA,-,NA,NA,102.20588235294117
981,NA,NA,NA,NA,-,NA,NA,102.20588235294117
982,NA,NA,NA,NA,-,NA,NA,102.20588235294117
983,NA,NA,NA,NA,-,NA,NA,102.20588235294117
984,NA,NA,NA,NA,-,NA,NA,102.20588235294117
985,94,Apr,4,2,SHOYUKI,9.3,48.74,101.97142857142858
986,NA,NA,NA,NA,-,NA,NA,101.97142857142858
987,NA,NA,NA,NA,-,NA,NA,101.97142857142858
988,NA,NA,NA,NA,-,NA,NA,101.97142857142858
989,100,Apr,10,2,SHOYUKI,7.4,45.32,101.85714285714286
990,NA,NA,NA,NA,-,NA,NA,101.85714285714286
991,104,Apr,14,1,EIGA-MONOGATARI(MIHATENUYUME),6.3,43.34,101.71428571428571
992,NA,NA,NA,NA,-,NA,NA,101.52941176470588
993,NA,NA,NA,NA,-,NA,NA,101.52941176470588
994,NA,NA,NA,NA,-,NA,NA,101.39393939393939
995,NA,NA,NA,NA,-,NA,NA,101.3125
996,NA,NA,NA,NA,-,NA,NA,101.2258064516129
997,NA,NA,NA,NA,-,NA,NA,101.2258064516129
998,NA,NA,NA,NA,-,NA,NA,101.2258064516129
999,NA,NA,NA,NA,-,NA,NA,101.2258064516129
1000,105,Apr,15,2,MIDO-KAMPAKUKI,6,42.8,101.34375
1001,NA,NA,NA,NA,-,NA,NA,101.34375
1002,NA,NA,NA,NA,-,NA,NA,101.3225806451613
1003,NA,NA,NA,NA,-,NA,NA,101.3225806451613
1004,117,Apr,26,2,MIDO-KAMPAKUKI,2.7,36.86,101.8125
1005,NA,NA,NA,NA,-,NA,NA,101.8125
1006,100,Apr,10,2,NIHONKIRYAKU,7.4,45.32,101.75757575757575
1007,106,Apr,16,4,MIDO-KAMPAKUKI,5.7,42.26,101.88235294117646
1008,NA,NA,NA,NA,-,NA,NA,102
1009,NA,NA,NA,NA,-,NA,NA,102
1010,NA,NA,NA,NA,-,NA,NA,102
1011,NA,NA,NA,NA,-,NA,NA,102
1012,NA,NA,NA,NA,-,NA,NA,102.21875
1013,NA,NA,NA,NA,-,NA,NA,101.96774193548387
1014,115,Apr,25,2,DAI-SAIIN-GYOSHU,3.2,37.76,102.375
1015,NA,NA,NA,NA,-,NA,NA,102.375
1016,111,Apr,20,2,MIDO-KAMPAKUKI,4.3,39.74,102.63636363636364
1017,99,Apr,9,2,MIDO-KAMPAKUKI,7.7,45.86,102.75757575757575
1018,113,Apr,23,2,MIDO-KAMPAKUKI,3.8,38.84,103.05882352941177
1019,98,Apr,8,2,SHOYUKI,8,46.4,102.91428571428571
1020,NA,NA,NA,NA,-,NA,NA,102.91428571428571
1021,NA,NA,NA,NA,-,NA,NA,102.91428571428571
1022,NA,NA,NA,NA,-,NA,NA,102.91428571428571
1023,NA,NA,NA,NA,-,NA,NA,102.88235294117646
1024,NA,NA,NA,NA,-,NA,NA,102.88235294117646
1025,NA,NA,NA,NA,-,NA,NA,102.88235294117646
1026,NA,NA,NA,NA,-,NA,NA,103.03030303030303
1027,NA,NA,NA,NA,-,NA,NA,103.03030303030303
1028,NA,NA,NA,NA,-,NA,NA,103.03030303030303
1029,116,Apr,26,2,REKIDAI-HENNEN-SHUSEI,3,37.4,103.41176470588235
1030,NA,NA,NA,NA,-,NA,NA,103.60606060606061
1031,97,Apr,7,2,SHOYUKI,8.3,46.94,103.41176470588235
1032,111,Apr,20,2,NIHONKIRYAKU,4.3,39.74,103.62857142857143
1033,102,Apr,12,4,NIHONKIRYAKU,6.9,44.42,103.51428571428572
1034,96,Apr,6,8,EST-from-WF(EIGA-MONOGATARI),8.6,47.48,103.30555555555556
1035,NA,NA,NA,NA,-,NA,NA,103.30555555555556
1036,104,Apr,13,4,NIHONKIRYAKU,6.3,43.34,103.32432432432432
1037,NA,NA,NA,NA,-,NA,NA,103.32432432432432
1038,NA,NA,NA,NA,-,NA,NA,103.32432432432432
1039,NA,NA,NA,NA,-,NA,NA,103.32432432432432
1040,NA,NA,NA,NA,-,NA,NA,103.32432432432432
1041,103,Apr,13,2,FUSO-RYAKKI,6.6,43.88,103.16216216216216
1042,NA,NA,NA,NA,-,NA,NA,103.16216216216216
1043,NA,NA,NA,NA,-,NA,NA,103.16216216216216
1044,NA,NA,NA,NA,-,NA,NA,103.16216216216216
1045,NA,NA,NA,NA,-,NA,NA,103.16216216216216
1046,103,Apr,13,1,EIGA-MONOGATARI(NEAWASE),6.6,43.88,103.15789473684211
1047,NA,NA,NA,NA,-,NA,NA,103.15789473684211
1048,112,Apr,21,3,IETSUNE-ASON-SHU,4.1,39.38,103.38461538461539
1049,NA,NA,NA,NA,-,NA,NA,103.28947368421052
1050,105,Apr,15,2,EIGA-MONOGATARI(NEAWASE),6,42.8,103.55263157894737
1051,NA,NA,NA,NA,-,NA,NA,103.55263157894737
1052,NA,NA,NA,NA,-,NA,NA,103.55263157894737
1053,NA,NA,NA,NA,-,NA,NA,103.55263157894737
1054,NA,NA,NA,NA,-,NA,NA,103.55263157894737
1055,NA,NA,NA,NA,-,NA,NA,103.94594594594595
1056,NA,NA,NA,NA,-,NA,NA,103.94594594594595
1057,NA,NA,NA,NA,-,NA,NA,103.72222222222223
1058,NA,NA,NA,NA,-,NA,NA,103.57142857142857
1059,NA,NA,NA,NA,-,NA,NA,103.76470588235294
1060,108,Apr,17,4,SHIN-SENZAI-WAKASHU,5.2,41.36,103.97058823529412
1061,92,Apr,2,4,MOROZANE-SHU,9.9,49.82,104.11764705882354
1062,NA,NA,NA,NA,-,NA,NA,104.11764705882354
1063,NA,NA,NA,NA,-,NA,NA,104.42424242424242
1064,NA,NA,NA,NA,-,NA,NA,104.42424242424242
1065,NA,NA,NA,NA,-,NA,NA,104.4375
1066,105,Apr,15,2,SUISAKI,6,42.8,104.65625
1067,NA,NA,NA,NA,-,NA,NA,104.70967741935483
1068,NA,NA,NA,NA,-,NA,NA,104.70967741935483
1069,NA,NA,NA,NA,-,NA,NA,104.93333333333334
1070,NA,NA,NA,NA,-,NA,NA,104.93333333333334
1071,113,Apr,23,2,SHUGAKKAIKI,3.8,38.84,105.19354838709677
1072,NA,NA,NA,NA,-,NA,NA,105.13333333333334
1073,103,Apr,13,2,EIGA-MONOGATARI(MATSUNO-SHIDUE),6.6,43.88,105.06451612903226
1074,NA,NA,NA,NA,-,NA,NA,104.96666666666667
1075,NA,NA,NA,NA,-,NA,NA,105.10344827586206
1076,NA,NA,NA,NA,-,NA,NA,105.10344827586206
1077,NA,NA,NA,NA,-,NA,NA,104.85714285714286
1078,NA,NA,NA,NA,-,NA,NA,104.85714285714286
1079,NA,NA,NA,NA,-,NA,NA,104.88888888888889
1080,102,Apr,11,2,SUISAKI,6.9,44.42,104.78571428571429
1081,NA,NA,NA,NA,-,NA,NA,104.78571428571429
1082,NA,NA,NA,NA,-,NA,NA,104.78571428571429
1083,96,Apr,6,1,GONIJO-MOROMICHIKI,8.6,47.48,104.48275862068965
1084,120,Apr,29,4,ZOKU-GOSEN-WAKASHU,2,35.6,105
1085,NA,NA,NA,NA,-,NA,NA,105.37931034482759
1086,NA,NA,NA,NA,-,NA,NA,105.37931034482759
1087,NA,NA,NA,NA,-,NA,NA,105.37931034482759
1088,104,Apr,13,2,GONIJO-MOROMICHIKI,6.3,43.34,105.33333333333333
1089,NA,NA,NA,NA,-,NA,NA,105.51724137931035
1090,105,Apr,15,2,GONIJO-MOROMICHIKI,6,42.8,105.5
1091,NA,NA,NA,NA,-,NA,NA,105.55172413793103
1092,NA,NA,NA,NA,-,NA,NA,105.55172413793103
1093,105,Apr,15,2,GONIJO-MOROMICHIKI,6,42.8,105.53333333333333
1094,NA,NA,NA,NA,-,NA,NA,105.53333333333333
1095,100,Apr,10,4,CHUYUKI,7.4,45.32,105.35483870967742
1096,96,Apr,5,2,GONIJO-MOROMICHIKI,8.6,47.48,105.0625
1097,NA,NA,NA,NA,-,NA,NA,105.0625
1098,100,Apr,10,2,CHUYUKI,7.4,45.32,104.9090909090909
1099,103,Apr,13,1,GONIJO-MOROMICHIKI,6.6,43.88,104.8529411764706
1100,NA,NA,NA,NA,-,NA,NA,104.84848484848484
1101,NA,NA,NA,NA,-,NA,NA,104.84848484848484
1102,104,Apr,14,3,CHUYUKI,6.3,43.34,104.82352941176471
1103,NA,NA,NA,NA,-,NA,NA,104.82352941176471
1104,108,Apr,17,2,DENRYAKU,5.2,41.36,104.55882352941177
1105,114,Apr,24,2,CHUYUKI,3.5,38.3,104.82857142857142
1106,NA,NA,NA,NA,-,NA,NA,104.97058823529412
1107,105,Apr,15,2,CHUYUKI,6,42.8,104.94117647058823
1108,NA,NA,NA,NA,-,NA,NA,104.94117647058823
1109,NA,NA,NA,NA,-,NA,NA,104.94117647058823
1110,NA,NA,NA,NA,-,NA,NA,104.94117647058823
1111,113,Apr,23,2,EISHOKI,3.8,38.84,105.17142857142858
1112,104,Apr,13,1,CHUYUKI,6.3,43.34,105.13888888888889
1113,NA,NA,NA,NA,-,NA,NA,105.13888888888889
1114,100,Apr,10,2,DENRYAKU,7.4,45.32,104.72222222222223
1115,NA,NA,NA,NA,-,NA,NA,104.72222222222223
1116,NA,NA,NA,NA,-,NA,NA,104.54285714285714
1117,109,Apr,19,2,DENRYAKU,4.9,40.82,104.82857142857142
1118,102,Apr,12,2,MISSHU-KETSUMYAKUSHO,6.9,44.42,104.51428571428572
1119,NA,NA,NA,NA,-,NA,NA,104.70588235294117
1120,104,Apr,13,2,DAIGO-ZOJIKI,6.3,43.34,104.68571428571428
1121,NA,NA,NA,NA,-,NA,NA,104.68571428571428
1122,NA,NA,NA,NA,-,NA,NA,104.68571428571428
1123,112,Apr,22,2,DAIGO-ZOJIKI,4.1,39.38,104.88888888888889
1124,98,Apr,7,2,DAIGO-ZOJIKI,8,46.4,104.70270270270271
1125,111,Apr,21,2,DAIGOJI-ZATSUYO,4.3,39.74,104.86842105263158
1126,108,Apr,18,2,DAIGOJI-ZATSUYO,5.2,41.36,104.94871794871794
1127,107,Apr,17,2,DAIGO-ZOJIKI,5.4,41.72,105
1128,111,Apr,20,2,DAIGO-ZOJIKI,4.3,39.74,105.14634146341463
1129,106,Apr,16,2,DAIGO-ZOJIKI,5.7,42.26,104.90243902439025
1130,103,Apr,13,2,DAIGO-ZOJIKI,6.6,43.88,104.85714285714286
1131,103,Apr,13,2,DAIGOJI-ZATSUYO,6.6,43.88,105
1132,NA,NA,NA,NA,-,NA,NA,104.85365853658537
1133,NA,NA,NA,NA,-,NA,NA,104.925
1134,106,Apr,16,2,DAIGOJI-ZATSUYO,5.7,42.26,105.175
1135,NA,NA,NA,NA,-,NA,NA,105.175
1136,NA,NA,NA,NA,-,NA,NA,105.2051282051282
1137,NA,NA,NA,NA,-,NA,NA,105.2051282051282
1138,NA,NA,NA,NA,-,NA,NA,105.2051282051282
1139,113,Apr,23,2,DAIGOJI-ZATSUYO,3.8,38.84,105.4
1140,103,Apr,12,2,DAIGO-ZOJIKI,6.6,43.88,105.34146341463415
1141,111,Apr,21,2,DAIGOJI-ZATSUYO,4.3,39.74,105.53658536585365
1142,NA,NA,NA,NA,-,NA,NA,105.53658536585365
1143,110,Apr,20,2,DAIGOJI-ZATSUYO,4.6,40.28,105.64285714285714
1144,NA,NA,NA,NA,-,NA,NA,105.64285714285714
1145,107,Apr,17,2,TAIKI,5.4,41.72,105.67441860465117
1146,NA,NA,NA,NA,-,NA,NA,105.73809523809524
1147,NA,NA,NA,NA,-,NA,NA,105.73809523809524
1148,NA,NA,NA,NA,-,NA,NA,105.58536585365853
1149,NA,NA,NA,NA,-,NA,NA,105.58536585365853
1150,NA,NA,NA,NA,-,NA,NA,105.6
1151,109,Apr,19,8,EST-from-WF(HONCHO-SEIKI),4.9,40.82,105.6829268292683
1152,NA,NA,NA,NA,-,NA,NA,105.6829268292683
1153,NA,NA,NA,NA,-,NA,NA,105.6829268292683
1154,96,Apr,6,2,TAIKI,8.6,47.48,105.45238095238095
1155,NA,NA,NA,NA,-,NA,NA,105.45238095238095
1156,90,Mar,30,2,NA,10.5,50.9,105.09302325581395
1157,NA,NA,NA,NA,-,NA,NA,105.09302325581395
1158,NA,NA,NA,NA,-,NA,NA,105.09302325581395
1159,103,Apr,13,2,DAIGOJI-ZATSUYO,6.6,43.88,105.04545454545455
1160,NA,NA,NA,NA,-,NA,NA,104.97674418604652
1161,112,Apr,22,2,DAIGOJI-ZATSUYO,4.1,39.38,105.44186046511628
1162,NA,NA,NA,NA,-,NA,NA,105.44186046511628
1163,112,Apr,22,2,DAIGOJI-ZATSUYO,4.1,39.38,105.5909090909091
1164,100,Apr,9,2,DAIGOJI-ZATSUYO,7.4,45.32,105.46666666666667
1165,106,Apr,16,2,DAIGOJI-ZATSUYO,5.7,42.26,105.47826086956522
1166,95,Apr,5,2,DAIGOJI-ZATSUYO,8.9,48.02,105.26086956521739
1167,111,Apr,21,2,DAIGOJI-ZATSUYO,4.3,39.74,105.38297872340425
1168,NA,NA,NA,NA,-,NA,NA,105.38297872340425
1169,112,Apr,22,2,DAIGOJI-ZATSUYO,4.1,39.38,105.52083333333333
1170,113,Apr,23,2,DAIGOJI-ZATSUYO,3.8,38.84,105.6734693877551
1171,NA,NA,NA,NA,-,NA,NA,105.52083333333333
1172,103,Apr,12,2,DAIGOJI-ZATSUYO,6.6,43.88,105.46938775510205
1173,117,Apr,27,2,DAIGOJI-ZATSUYO,2.7,36.86,105.75510204081633
1174,112,Apr,22,2,DAIGOJI-ZATSUYO,4.1,39.38,105.88
1175,113,Apr,23,2,DAIGOJI-ZATSUYO,3.8,38.84,106.01960784313725
1176,113,Apr,22,2,TAKAKURAIN-ANGEN-ONGAKI,3.8,38.84,106.15384615384616
1177,NA,NA,NA,NA,-,NA,NA,106.15384615384616
1178,NA,NA,NA,NA,-,NA,NA,106.15384615384616
1179,103,Apr,13,2,SANKAIKI,6.6,43.88,106.09433962264151
1180,98,Apr,7,1,MEIGETSUKI,8,46.4,106.01886792452831
1181,NA,NA,NA,NA,-,NA,NA,106.01886792452831
1182,104,Apr,14,4,TSUKIMOUDE-WAKASHU(PART-3),6.3,43.34,105.98148148148148
1183,101,Apr,11,2,DAIGOJI-ZATSUYO,7.2,44.96,106.07407407407408
1184,115,Apr,24,1,GYOKUYO,3.2,37.76,105.98148148148148
1185,115,Apr,25,2,DAIGO-ZOJIKI,3.2,37.76,106.14545454545454
1186,NA,NA,NA,NA,-,NA,NA,106.14545454545454
1187,104,Apr,14,2,SAKURAE-RUIJU,6.3,43.34,106.10714285714286
1188,107,Apr,16,2,SAKURAE-RUIJU,5.4,41.72,106.16071428571429
1189,NA,NA,NA,NA,-,NA,NA,106.16071428571429
1190,112,Apr,22,4,SHUGYOKU-SHU,4.1,39.38,106.28571428571429
1191,106,Apr,16,2,GYOKUYO,5.7,42.26,106.28070175438596
1192,NA,NA,NA,NA,-,NA,NA,106.28070175438596
1193,NA,NA,NA,NA,-,NA,NA,106.30357142857143
1194,119,Apr,29,2,NAKASUKEOKI,2.2,35.96,106.52631578947368
1195,NA,NA,NA,NA,-,NA,NA,106.64285714285714
1196,NA,NA,NA,NA,-,NA,NA,106.83636363636364
1197,NA,NA,NA,NA,-,NA,NA,106.83636363636364
1198,NA,NA,NA,NA,-,NA,NA,106.96296296296296
1199,109,Apr,19,1,INOKUMA-KAMPAKUKI,4.9,40.82,107.07407407407408
1200,104,Apr,13,1,INOKUMA-KAMPAKUKI,6.3,43.34,107.01818181818182
1201,96,Apr,6,4,INOKUMA-KAMPAKUKI,8.6,47.48,106.82142857142857
1202,106,Apr,16,1,MEIGETSUKI,5.7,42.26,106.85714285714286
1203,105,Apr,15,2,(SHIRYO-SORAN),6,42.8,106.82456140350877
1204,110,Apr,19,2,MEIGETSUKI,4.6,40.28,106.85964912280701
1205,105,Apr,15,2,MEIGETSUKI,6,42.8,106.70175438596492
1206,NA,NA,NA,NA,-,NA,NA,106.70175438596492
1207,104,Apr,14,2,MEIGETSUKI,6.3,43.34,106.6842105263158
1208,NA,NA,NA,NA,-,NA,NA,106.6842105263158
1209,NA,NA,NA,NA,-,NA,NA,106.6842105263158
1210,112,Apr,22,2,ASUKAI-SHU,4.1,39.38,106.77586206896552
1211,NA,NA,NA,NA,-,NA,NA,106.66666666666667
1212,98,Apr,7,2,GYOKUSOU,8,46.4,106.56140350877193
1213,107,Apr,17,2,SHIKIN-WAKASO,5.4,41.72,106.56896551724138
1214,102,Apr,12,2,(SHIRYO-SORAN),6.9,44.42,106.60344827586206
1215,108,Apr,18,2,MICHIIEKO-MARINIKKI,5.2,41.36,106.62711864406779
1216,101,Apr,10,4,JUNTOKUIN-GYOSHU,7.2,44.96,106.53333333333333
1217,NA,NA,NA,NA,-,NA,NA,106.49152542372882
1218,NA,NA,NA,NA,-,NA,NA,106.56896551724138
1219,101,Apr,11,4,JUNTOKUIN-GYOSHU,7.2,44.96,106.47457627118644
1220,109,Apr,18,9,EST-from-KJ(NORIMUNE-SHU),4.9,40.82,106.55932203389831
1221,99,Apr,9,4,SHUI-GUSO,7.7,45.86,106.43333333333334
1222,NA,NA,NA,NA,-,NA,NA,106.43333333333334
1223,116,Apr,26,4,MITSUTSUNE-SHU,3,37.4,106.5
1224,NA,NA,NA,NA,-,NA,NA,106.64406779661017
1225,105,Apr,15,1,MEIGETSUKI,6,42.8,106.54237288135593
1226,106,Apr,16,2,MEIGETSUKI,5.7,42.26,106.50847457627118
1227,111,Apr,21,2,MEIGETSUKI,4.3,39.74,106.57627118644068
1228,NA,NA,NA,NA,-,NA,NA,106.5
1229,97,Apr,7,2,MEIGETSUKI,8.3,46.94,106.34482758620689
1230,102,Apr,12,1,MEIGETSUKI,6.9,44.42,106.32758620689656
1231,101,Apr,11,1,MINKEIKI,7.2,44.96,106.29310344827586
1232,92,Apr,1,1,MINKEIKI,9.9,49.82,106.05084745762711
1233,105,Apr,15,2,MEIGETSUKI,6,42.8,106.03333333333333
1234,NA,NA,NA,NA,-,NA,NA,106.03389830508475
1235,110,Apr,20,1,MEIGETSUKI,4.6,40.28,106.1
1236,87,Mar,27,4,SHIIBA-WAKASHU,11.5,52.7,105.78688524590164
1237,NA,NA,NA,NA,-,NA,NA,105.78688524590164
1238,NA,NA,NA,NA,-,NA,NA,105.78688524590164
1239,NA,NA,NA,NA,-,NA,NA,105.66666666666667
1240,106,Apr,15,2,SAMPOIN-MONJO,5.7,42.26,105.71666666666667
1241,NA,NA,NA,NA,-,NA,NA,105.62711864406779
1242,NA,NA,NA,NA,-,NA,NA,105.62711864406779
1243,NA,NA,NA,NA,-,NA,NA,105.55172413793103
1244,108,Apr,17,2,HEIKOKI,5.2,41.36,105.59322033898304
1245,108,Apr,18,2,HEIKOKI,5.2,41.36,105.61016949152543
1246,98,Apr,8,1,MASUKAGAMI,8,46.4,105.48333333333333
1247,106,Apr,16,2,ZOKU-HONCHOTSUKAN,5.7,42.26,105.49180327868852
1248,NA,NA,NA,NA,-,NA,NA,105.49180327868852
1249,108,Apr,18,2,BENN-NO-NAISHI-NIKKI,5.2,41.36,105.53225806451613
1250,116,Apr,26,1,BENN-NO-NAISHI-NIKKI,3,37.4,105.6984126984127
1251,100,Apr,10,1,BENN-NO-NAISHI-NIKKI,7.4,45.32,105.55555555555556
1252,NA,NA,NA,NA,-,NA,NA,105.55555555555556
1253,NA,NA,NA,NA,-,NA,NA,105.55555555555556
1254,110,Apr,20,2,SAKURAE-RUIJU,4.6,40.28,105.77777777777777
1255,NA,NA,NA,NA,-,NA,NA,105.77777777777777
1256,NA,NA,NA,NA,-,NA,NA,106.03225806451613
1257,94,Apr,4,2,TSUNETOSHI-KYOKI,9.3,48.74,105.84126984126983
1258,NA,NA,NA,NA,-,NA,NA,105.84126984126983
1259,96,Apr,6,1,MASUKAGAMI,8.6,47.48,105.73015873015873
1260,NA,NA,NA,NA,-,NA,NA,105.73015873015873
1261,NA,NA,NA,NA,-,NA,NA,105.62903225806451
1262,97,Apr,7,9,EST-from-KJ(KUJOKE-REKISEI-KIROKU),8.3,46.94,105.4920634920635
1263,120,Apr,30,2,ZOKU-HONCHOTSUKAN,2,35.6,105.61904761904762
1264,103,Apr,12,2,ZOKU-SHIGUSHO,6.6,43.88,105.66666666666667
1265,98,Apr,8,4,TAMEIE-SHU,8,46.4,105.53968253968254
1266,NA,NA,NA,NA,-,NA,NA,105.70967741935483
1267,105,Apr,15,2,MISININ-KAMPAKUKI,6,42.8,105.61290322580645
1268,103,Apr,12,4,TAMEIE-SHU,6.6,43.88,105.57142857142857
1269,100,Apr,10,4,ZOKU-SHIGUSHO,7.4,45.32,105.38095238095238
1270,NA,NA,NA,NA,-,NA,NA,105.25806451612904
1271,100,Apr,10,4,DAINAGON-TAMEIE-SHU,7.4,45.32,105.17460317460318
1272,NA,NA,NA,NA,-,NA,NA,105.20967741935483
1273,NA,NA,NA,NA,-,NA,NA,105.01639344262296
1274,NA,NA,NA,NA,-,NA,NA,104.9
1275,107,Apr,17,3,TOWAZUGATARI,5.4,41.72,104.8
1276,NA,NA,NA,NA,-,NA,NA,104.66101694915254
1277,NA,NA,NA,NA,-,NA,NA,104.66101694915254
1278,113,Apr,23,2,ZOKU-SHIGUSHO(DAIGO),3.8,38.84,104.8
1279,101,Apr,11,2,KANCHUKI,7.2,44.96,104.76666666666667
1280,102,Apr,11,2,HARUNO-MIYAMAJI,6.9,44.42,104.83333333333333
1281,NA,NA,NA,NA,-,NA,NA,104.83333333333333
1282,NA,NA,NA,NA,-,NA,NA,104.84745762711864
1283,103,Apr,13,2,(SHIRYO-SORAN),6.6,43.88,104.88135593220339
1284,102,Apr,11,1,NAKANOTSUKASA-NIKKI,6.9,44.42,104.66101694915254
1285,105,Apr,15,2,ZOKU-HONCHOTSUKAN,6,42.8,104.49152542372882
1286,112,Apr,22,2,ZOKU-SHIGUSHO,4.1,39.38,104.61666666666666
1287,110,Apr,20,2,SANEMI-KYOKI,4.6,40.28,104.71666666666667
1288,108,Apr,17,2,NAKANOTSUKASA-NIKKI,5.2,41.36,104.73333333333333
1289,107,Apr,17,4,NAKANOTSUKASA-NIKKI,5.4,41.72,104.77049180327869
1290,NA,NA,NA,NA,-,NA,NA,104.65
1291,NA,NA,NA,NA,-,NA,NA,104.62711864406779
1292,107,Apr,16,2,SANEMI-KYOKI,5.4,41.72,104.66666666666667
1293,NA,NA,NA,NA,-,NA,NA,104.66666666666667
1294,101,Apr,11,2,KANCHUKI,7.2,44.96,104.36666666666666
1295,102,Apr,12,2,(DAINIHON-SHIRYO),6.9,44.42,104.32786885245902
1296,NA,NA,NA,NA,-,NA,NA,104.32786885245902
1297,NA,NA,NA,NA,-,NA,NA,104.32786885245902
1298,NA,NA,NA,NA,-,NA,NA,104.32786885245902
1299,NA,NA,NA,NA,-,NA,NA,104.25
1300,NA,NA,NA,NA,-,NA,NA,104.2542372881356
1301,95,Apr,5,4,SANEMI-KYOKI,8.9,48.02,104.23728813559322
1302,96,Apr,6,2,ZOKU-SHIGUSHO,8.6,47.48,104.0677966101695
1303,NA,NA,NA,NA,-,NA,NA,104.05172413793103
1304,NA,NA,NA,NA,-,NA,NA,103.94736842105263
1305,NA,NA,NA,NA,-,NA,NA,103.92857142857143
1306,NA,NA,NA,NA,-,NA,NA,103.92857142857143
1307,104,Apr,14,2,ZOKU-SHIGUSHO,6.3,43.34,103.92857142857143
1308,NA,NA,NA,NA,-,NA,NA,103.92857142857143
1309,NA,NA,NA,NA,-,NA,NA,103.92857142857143
1310,NA,NA,NA,NA,-,NA,NA,103.78181818181818
1311,94,Apr,4,2,ENTAIRYAKU,9.3,48.74,103.60714285714286
1312,100,Apr,9,2,HANAZONOTENNO-SHINKI,7.4,45.32,103.64285714285714
1313,NA,NA,NA,NA,-,NA,NA,103.58181818181818
1314,101,Apr,11,2,HANAZONOTENNO-SHINKI,7.2,44.96,103.56363636363636
1315,111,Apr,21,2,ZOKU-SHIGUSHO,4.3,39.74,103.61818181818182
1316,103,Apr,12,2,ZOKU-SHIGUSHO,6.6,43.88,103.65454545454546
1317,102,Apr,12,2,HANAZONOTENNO-SHINKI,6.9,44.42,103.625
1318,NA,NA,NA,NA,-,NA,NA,103.625
1319,116,Apr,26,2,HANAZONOTENNO-SHINKI,3,37.4,103.89285714285714
1320,NA,NA,NA,NA,-,NA,NA,103.8
1321,102,Apr,12,2,HANAZONOTENNO-SHINKI,6.9,44.42,103.85454545454546
1322,106,Apr,16,2,HANAZONOTENNO-SHINKI,5.7,42.26,103.89285714285714
1323,124,May,4,2,HANAZONOTENNO-SHINKI,1,33.8,104.03571428571429
1324,98,Apr,7,4,HANAZONOTENNO-SHINKI,8,46.4,103.9298245614035
1325,NA,NA,NA,NA,-,NA,NA,103.91071428571429
1326,107,Apr,17,2,ZOKU-SHIGUSHO,5.4,41.72,103.92857142857143
1327,NA,NA,NA,NA,-,NA,NA,103.8
1328,NA,NA,NA,NA,-,NA,NA,103.8
1329,112,Apr,22,9,EST-from-KJ(SHOKA-WAKASHU),4.1,39.38,104.07272727272728
1330,108,Apr,18,4,RINEI-WAKASHU,5.2,41.36,104.18181818181819
1331,112,Apr,22,2,ZOKU-SHIGUSHO,4.1,39.38,104.38181818181818
1332,115,Apr,24,2,ZOKU-HONCHOTSUKAN,3.2,37.76,104.8
1333,NA,NA,NA,NA,-,NA,NA,104.79629629629629
1334,NA,NA,NA,NA,-,NA,NA,104.79629629629629
1335,NA,NA,NA,NA,-,NA,NA,104.69811320754717
1336,NA,NA,NA,NA,-,NA,NA,105.03846153846153
1337,NA,NA,NA,NA,-,NA,NA,105.03846153846153
1338,NA,NA,NA,NA,-,NA,NA,105.03846153846153
1339,NA,NA,NA,NA,-,NA,NA,105.03846153846153
1340,NA,NA,NA,NA,-,NA,NA,105.01960784313725
1341,NA,NA,NA,NA,-,NA,NA,105.01960784313725
1342,110,Apr,20,2,MICHIFUYU-KYOKI,4.6,40.28,105.11538461538461
1343,NA,NA,NA,NA,-,NA,NA,105.11538461538461
1344,102,Apr,11,2,ZOKU-SHIGUSHO,6.9,44.42,105
1345,NA,NA,NA,NA,-,NA,NA,104.94117647058823
1346,107,Apr,17,2,ENTAIRYAKU,5.4,41.72,105.11764705882354
1347,109,Apr,19,2,MOROMORIKI,4.9,40.82,105.17647058823529
1348,NA,NA,NA,NA,-,NA,NA,105.17647058823529
1349,112,Apr,22,2,ZOKU-SHIGUSHO,4.1,39.38,105.25490196078431
1350,101,Apr,11,2,(SHIRYO-SORAN),7.2,44.96,104.96078431372548
1351,115,Apr,25,2,(SHIRYO-SORAN),3.2,37.76,105.25490196078431
1352,NA,NA,NA,NA,-,NA,NA,105.25490196078431
1353,NA,NA,NA,NA,-,NA,NA,105.25490196078431
1354,NA,NA,NA,NA,-,NA,NA,105.16
1355,NA,NA,NA,NA,-,NA,NA,105.16
1356,117,Apr,26,2,MOROMORIKI,2.7,36.86,105.3921568627451
1357,107,Apr,17,2,ENTAIRYAKU,5.4,41.72,105.6470588235294
1358,110,Apr,20,2,GUKANKI,4.6,40.28,105.73076923076923
1359,105,Apr,15,2,GUKANKI,6,42.8,105.90384615384616
1360,101,Apr,10,2,GUKANKI,7.2,44.96,105.81132075471699
1361,108,Apr,18,2,GUKANKI,5.2,41.36,105.85185185185185
1362,NA,NA,NA,NA,-,NA,NA,106.01886792452831
1363,107,Apr,17,2,MOROMORIKI,5.4,41.72,105.77358490566037
1364,110,Apr,19,2,MOROMORIKI,4.6,40.28,105.90566037735849
1365,NA,NA,NA,NA,-,NA,NA,106.0576923076923
1366,112,Apr,22,2,ZOKU-HONCHOTSUKAN,4.1,39.38,106.16981132075472
1367,97,Apr,7,2,GUKANKI,8.3,46.94,106.01886792452831
1368,88,Mar,28,1,GUKANKI,11.2,52.16,105.73584905660377
1369,94,Apr,4,2,GOGUMAISHO,9.3,48.74,105.62264150943396
1370,109,Apr,19,2,GOGUMAISHO,4.9,40.82,105.68518518518519
1371,NA,NA,NA,NA,-,NA,NA,105.79245283018868
1372,102,Apr,11,8,EST-from-WF(GUKANKI),6.9,44.42,105.72222222222223
1373,110,Apr,20,2,GUKANKI,4.6,40.28,105.8
1374,NA,NA,NA,NA,-,NA,NA,105.8
1375,103,Apr,13,2,GUKANKI,6.6,43.88,105.72727272727273
1376,99,Apr,8,2,GUKANKI,7.7,45.86,105.60714285714286
1377,105,Apr,15,1,KUJO-TADAMOTO-NIKKI,6,42.8,105.59649122807018
1378,104,Apr,14,2,(SHIRYO-SORAN),6.3,43.34,105.43859649122807
1379,103,Apr,13,1,GUKANKI,6.6,43.88,105.47368421052632
1380,102,Apr,11,8,EST-from-WF(ZOKU-SHIGUSHO),6.9,44.42,105.47368421052632
1381,108,Apr,18,2,EITOKU-GANNEN-GYOKO-SHIIKA,5.2,41.36,105.51724137931035
1382,105,Apr,15,2,KUGE-NICHIYO-KUFU-RYAKUSHU,6,42.8,105.50847457627118
1383,102,Apr,12,1,KUGE-NICHIYO-KUFU-RYAKUSHU,6.9,44.42,105.49152542372882
1384,98,Apr,7,2,KUGE-NICHIYO-KUFU-RYAKUSHU,8,46.4,105.42372881355932
1385,99,Apr,9,2,ATOKAGAMI,7.7,45.86,105.32203389830508
1386,105,Apr,15,2,ATOKAGAMI,6,42.8,105.20338983050847
1387,100,Apr,10,2,SANEFUYU-KOKI,7.4,45.32,105.03389830508475
1388,99,Apr,8,1,KANENOBU-KOKI,7.7,45.86,104.88135593220339
1389,NA,NA,NA,NA,-,NA,NA,104.84482758620689
1390,NA,NA,NA,NA,-,NA,NA,104.84482758620689
1391,NA,NA,NA,NA,-,NA,NA,104.84482758620689
1392,NA,NA,NA,NA,-,NA,NA,104.80701754385964
1393,NA,NA,NA,NA,-,NA,NA,104.80701754385964
1394,NA,NA,NA,NA,-,NA,NA,104.875
1395,NA,NA,NA,NA,-,NA,NA,104.92727272727272
1396,NA,NA,NA,NA,-,NA,NA,104.92727272727272
1397,NA,NA,NA,NA,-,NA,NA,104.92727272727272
1398,106,Apr,16,2,GEIYOKI,5.7,42.26,104.94642857142857
1399,NA,NA,NA,NA,-,NA,NA,104.94642857142857
1400,NA,NA,NA,NA,-,NA,NA,104.94642857142857
1401,101,Apr,11,2,ATOKAGAMI,7.2,44.96,105.05357142857143
1402,103,Apr,13,2,YOSHIDAKE-HINAMIKI,6.6,43.88,105.17857142857143
1403,104,Apr,14,2,YOSHIDAKE-HINAMIKI,6.3,43.34,105.15789473684211
1404,NA,NA,NA,NA,-,NA,NA,105.15789473684211
1405,NA,NA,NA,NA,-,NA,NA,105.15789473684211
1406,102,Apr,12,2,(SHIRYO-SORAN),6.9,44.42,105.10344827586206
1407,101,Apr,11,2,(SHIRYO-SORAN),7.2,44.96,105.05172413793103
1408,111,Apr,20,2,ZOKU-HONCHOTSUKAN,4.3,39.74,105.15254237288136
1409,86,Mar,27,2,(DAINIHON-SHIRYO),11.8,53.24,104.83333333333333
1410,102,Apr,12,2,NORITOKI-KYOKI,6.9,44.42,104.78688524590164
1411,NA,NA,NA,NA,-,NA,NA,104.96666666666667
1412,93,Apr,2,2,(DAINIHON-SHIRYO),9.6,49.28,104.85
1413,91,Apr,1,2,ATOKAGAMI,10.2,50.36,104.62295081967213
1414,NA,NA,NA,NA,-,NA,NA,104.68333333333334
1415,105,Apr,15,2,(DAINIHON-SHIRYO),6,42.8,104.58333333333333
1416,101,Apr,10,1,KANMON-GYOKI(FUSHIMI),7.2,44.96,104.55
1417,109,Apr,19,2,(DAINIHON-SHIRYO),4.9,40.82,104.66666666666667
1418,98,Apr,8,2,KANMON-GYOKI,8,46.4,104.55737704918033
1419,100,Apr,10,2,KANMON-GYOKI(FUSHIMI),7.4,45.32,104.29508196721312
1420,112,Apr,21,2,KANMON-GYOKI(FUSHIMI),4.1,39.38,104.41935483870968
1421,99,Apr,9,1,KANMON-GYOKI(FUSHIMI),7.7,45.86,104.37096774193549
1422,109,Apr,19,2,YASUTOMIKI,4.9,40.82,104.41935483870968
1423,96,Apr,6,1,KANMON-GYOKI(FUSHIMI),8.6,47.48,103.96774193548387
1424,103,Apr,12,2,KANMON-GYOKI(FUSHIMI),6.6,43.88,104.04838709677419
1425,98,Apr,8,1,KANMON-GYOKI(FUSHIMI),8,46.4,103.95238095238095
1426,99,Apr,9,2,MANZAIJUNGO-NIKKI(DAIGO),7.7,45.86,103.82539682539682
1427,102,Apr,12,1,MANZAIJUNGO-NIKKI(DAIGO),6.9,44.42,103.796875
1428,NA,NA,NA,NA,-,NA,NA,103.796875
1429,98,Apr,8,1,MANZAIJUNGO-NIKKI(DAIGO),8,46.4,103.578125
1430,108,Apr,18,2,MANZAIJUNGO-NIKKI(DAIGO),5.2,41.36,103.578125
1431,102,Apr,12,2,MANZAIJUNGO-NIKKI(DAIGO),6.9,44.42,103.421875
1432,104,Apr,13,2,MANZAIJUNGO-NIKKI(DAIGO),6.3,43.34,103.25
1433,98,Apr,8,2,MANZAIJUNGO-NIKKI(DAIGO),8,46.4,103.16923076923077
1434,113,Apr,23,1,MANZAIJUNGO-NIKKI(DAIGO),3.8,38.84,103.31818181818181
1435,95,Apr,5,1,KANMON-GYOKI(FUSHIMI),8.9,48.02,103.19402985074628
1436,101,Apr,10,2,KANMON-GYOKI(FUSHIMI),7.2,44.96,103.16176470588235
1437,103,Apr,13,1,KANMON-GYOKI,6.6,43.88,103.15942028985508
1438,99,Apr,9,2,INRYOGEN-NICHIROKU,7.7,45.86,103.1
1439,101,Apr,11,2,INRYOGEN-NICHIROKU,7.2,44.96,103.07042253521126
1440,98,Apr,7,2,MOROSATOKI,8,46.4,103
1441,105,Apr,15,2,INRYOGEN-NICHIROKU,6,42.8,103.02739726027397
1442,NA,NA,NA,NA,-,NA,NA,102.93055555555556
1443,107,Apr,17,2,KANMON-GYOKI,5.4,41.72,102.98630136986301
1444,109,Apr,18,2,YASUTOMIKI,4.9,40.82,103.08219178082192
1445,NA,NA,NA,NA,-,NA,NA,103.08219178082192
1446,108,Apr,18,2,GYOUKO-HOIN-NIKKI,5.2,41.36,103.0958904109589
1447,111,Apr,21,4,SOKONSHU,4.3,39.74,103.12328767123287
1448,96,Apr,5,2,YASUTOMIKI,8.6,47.48,103.02702702702703
1449,95,Apr,5,2,ZOKU-HONCHOTSUKAN,8.9,48.02,102.79729729729729
1450,100,Apr,10,1,YASUTOMIKI,7.4,45.32,102.78378378378379
1451,103,Apr,13,1,YASUTOMIKI,6.6,43.88,102.62162162162163
1452,92,Apr,1,2,ZOKU-SHIGUSHO,9.9,49.82,102.48
1453,107,Apr,17,4,SOKONSHU,5.4,41.72,102.53947368421052
1454,105,Apr,15,4,SOKONSHU,6,42.8,102.57142857142857
1455,96,Apr,6,1,GAUN-NIKKENROKU-BATSUYU,8.6,47.48,102.48717948717949
1456,106,Apr,15,2,MOROSATOKI,5.7,42.26,102.34615384615384
1457,105,Apr,15,2,ZOKU-HONCHOTSUKAN,6,42.8,102.32051282051282
1458,112,Apr,22,2,INRYOGEN-NICHIROKU,4.1,39.38,102.34615384615384
1459,113,Apr,23,2,INRYOGEN-NICHIROKU,3.8,38.84,102.44871794871794
1460,111,Apr,20,2,INRYOGEN-NICHIROKU,4.3,39.74,102.57692307692308
1461,106,Apr,16,2,INRYOGEN-NICHIROKU,5.7,42.26,102.55128205128206
1462,106,Apr,16,2,INRYOGEN-NICHIROKU,5.7,42.26,102.59493670886076
1463,101,Apr,11,2,INRYOGEN-NICHIROKU,7.2,44.96,102.51898734177215
1464,104,Apr,13,2,INRYOGEN-NICHIROKU,6.3,43.34,102.44303797468355
1465,98,Apr,8,2,INRYOGEN-NICHIROKU,8,46.4,102.3875
1466,105,Apr,15,2,INRYOGEN-NICHIROKU,6,42.8,102.3
1467,101,Apr,11,8,EST-from-WF(GOHOKOINKI),7.2,44.96,102.35
1468,101,Apr,10,1,HEKIZAN-NICHIROKU,7.2,44.96,102.5125
1469,NA,NA,NA,NA,-,NA,NA,102.62025316455696
1470,NA,NA,NA,NA,-,NA,NA,102.53846153846153
1471,NA,NA,NA,NA,-,NA,NA,102.53846153846153
1472,114,Apr,23,2,CHIKANAGA-KYOKI,3.5,38.3,102.6923076923077
1473,NA,NA,NA,NA,-,NA,NA,102.59740259740259
1474,98,Apr,8,4,ENROKUCHOKASHU,8,46.4,102.53846153846153
1475,NA,NA,NA,NA,-,NA,NA,102.53246753246754
1476,100,Apr,9,2,SANETAKA-KOKI,7.4,45.32,102.54545454545455
1477,110,Apr,20,1,OYUDONONO-UENO-NIKKI,4.6,40.28,102.6103896103896
1478,115,Apr,25,1,SANETAKA-KOKI,3.2,37.76,102.75324675324676
1479,110,Apr,20,2,SANETAKA-KOKI,4.6,40.28,102.84415584415585
1480,104,Apr,13,3,OYUDONONO-UENO-NIKKI [EDA],6.3,43.34,102.87012987012987
1481,106,Apr,16,2,SANETAKA-KOKI,5.7,42.26,102.84415584415585
1482,108,Apr,18,1,OYUDONONO-UENO-NIKKI,5.2,41.36,102.88311688311688
1483,101,Apr,11,2,OYUDONONO-UENO-NIKKI,7.2,44.96,102.87012987012987
1484,97,Apr,6,2,OYUDONONO-UENO-NIKKI,8.3,46.94,102.85714285714286
1485,94,Apr,4,1,OYUDONONO-UENO-NIKKI,9.3,48.74,102.79220779220779
1486,99,Apr,9,1,OYUDONONO-UENO-NIKKI,7.7,45.86,102.71428571428571
1487,93,Apr,3,1,SANETAKA-KOKI,9.6,49.28,102.62337662337663
1488,103,Apr,12,1,OYUDONONO-UENO-NIKKI,6.6,43.88,102.67532467532467
1489,100,Apr,10,2,(SHIRYO-SHORAN),7.4,45.32,102.64102564102564
1490,97,Apr,7,1,INRYOGEN-NICHIROKU,8.3,46.94,102.56962025316456
1491,107,Apr,17,2,SANETAKA-KOKI,5.4,41.72,102.625
1492,108,Apr,17,2,OYUDONONO-UENO-NIKKI,5.2,41.36,102.69135802469135
1493,100,Apr,10,2,OYUDONONO-UENO-NIKKI,7.4,45.32,102.65853658536585
1494,106,Apr,16,2,OYUDONONO-UENO-NIKKI,5.7,42.26,102.6987951807229
1495,94,Apr,4,2,OYUDONONO-UENO-NIKKI,9.3,48.74,102.5952380952381
1496,97,Apr,6,2,OYUDONONO-UENO-NIKKI,8.3,46.94,102.52941176470588
1497,108,Apr,18,2,CHIKANAGA-KYOKI,5.2,41.36,102.59302325581395
1498,97,Apr,7,2,OYUDONONO-UENO-NIKKI,8.3,46.94,102.48837209302326
1499,111,Apr,21,2,OYUDONONO-UENO-NIKKI,4.3,39.74,102.58620689655173
1500,97,Apr,7,2,OYUDONONO-UENO-NIKKI,8.3,46.94,102.52272727272727
1501,103,Apr,13,2,SANETAKA-KOKI,6.6,43.88,102.54545454545455
1502,115,Apr,25,1,NOBUTANE-KYOKI,3.2,37.76,102.68181818181819
1503,108,Apr,18,2,SANETAKA-KOKI,5.2,41.36,102.72727272727273
1504,114,Apr,23,1,SANETAKA-KOKI,3.5,38.3,102.85393258426966
1505,106,Apr,16,2,NISUIKI,5.7,42.26,102.88888888888889
1506,106,Apr,16,1,MOTONAGA-KYOKI,5.7,42.26,102.93333333333334
1507,108,Apr,18,2,MOTONAGA-KYOKI,5.2,41.36,103.0111111111111
1508,111,Apr,20,2,SANETAKA-KOKI,4.3,39.74,103.0111111111111
1509,102,Apr,12,2,SANETAKA-KOKI,6.9,44.42,103.18888888888888
1510,110,Apr,20,2,SANETAKA-KOKI,4.6,40.28,103.27777777777777
1511,111,Apr,21,2,SANETAKA-KOKI,4.3,39.74,103.36263736263736
1512,109,Apr,18,2,SANETAKA-KOKI,4.9,40.82,103.53846153846153
1513,110,Apr,20,2,SANETAKA-KOKI,4.6,40.28,103.74725274725274
1514,105,Apr,15,2,MORIMITSU-KOKI,6,42.8,103.76086956521739
1515,111,Apr,21,2,SAISHOSO,4.3,39.74,103.82608695652173
1516,104,Apr,13,2,SAISHOSO,6.3,43.34,103.8586956521739
1517,106,Apr,16,2,NISUIKI,5.7,42.26,103.82608695652173
1518,115,Apr,25,1,NISUIKI,3.2,37.76,104.01086956521739
1519,111,Apr,21,2,NISUIKI,4.3,39.74,104.1304347826087
1520,105,Apr,14,2,NISUIKI,6,42.8,104.05434782608695
1521,107,Apr,17,1,NISUIKI,5.4,41.72,104.1413043478261
1522,103,Apr,13,2,NISUIKI,6.6,43.88,104.07608695652173
1523,109,Apr,19,2,SANETAKA-KOKI,4.9,40.82,104.21739130434783
1524,109,Apr,18,1,SANETAKA-KOKI,4.9,40.82,104.28260869565217
1525,104,Apr,14,2,NISUIKI,6.3,43.34,104.34782608695652
1526,113,Apr,23,2,NISUIKI,3.8,38.84,104.5
1527,105,Apr,15,2,NISUIKI,6,42.8,104.53260869565217
1528,106,Apr,15,2,NISUIKI,5.7,42.26,104.54838709677419
1529,107,Apr,17,2,SANETAKA-KOKI,5.4,41.72,104.64516129032258
1530,107,Apr,17,2,NISUIKI,5.4,41.72,104.63440860215054
1531,103,Apr,13,2,NISUIKI,6.6,43.88,104.64516129032258
1532,108,Apr,17,2,SANETAKA-KOKI,5.2,41.36,104.68817204301075
1533,111,Apr,21,3,OYUDONONO-UENO-NIKKI [EDA],4.3,39.74,104.82795698924731
1534,108,Apr,18,4,GONARAIN-GYOSEI-BASSHO,5.2,41.36,104.7741935483871
1535,95,Apr,5,1,GONARAIN-SHINNKI,8.9,48.02,104.7741935483871
1536,108,Apr,17,3,OYUDONONO-UENO-NIKKI [EDA],5.2,41.36,104.84946236559139
1537,108,Apr,18,3,OYUDONONO-UENO-NIKKI [EDA],5.2,41.36,104.90322580645162
1538,112,Apr,22,2,NINAGAWA-CHIKATOSHI-NIKKI,4.1,39.38,105.04301075268818
1539,120,Apr,30,3,OYUDONONO-UENO-NIKKI [EDA],2,35.6,105.24731182795699
1540,122,May,1,3,OYUDONONO-UENO-NIKKI [EDA],1.5,34.7,105.50537634408602
1541,109,Apr,19,3,OYUDONONO-UENO-NIKKI [EDA],4.9,40.82,105.54838709677419
1542,102,Apr,12,1,TOKITSUGU-KYOKI,6.9,44.42,105.51063829787235
1543,119,Apr,29,3,OYUDONONO-UENO-NIKKI [EDA],2.2,35.96,105.63829787234043
1544,107,Apr,16,2,TOKITSUGU-KYOKI,5.4,41.72,105.61702127659575
1545,97,Apr,7,3,OYUDONONO-UENO-NIKKI [EDA],8.3,46.94,105.52631578947368
1546,112,Apr,22,2,TOKITSUGU-KYOKI,4.1,39.38,105.56842105263158
1547,104,Apr,14,3,OYUDONONO-UENO-NIKKI [EDA],6.3,43.34,105.49473684210527
1548,118,Apr,27,2,TOKITSUGU-KYOKI,2.5,36.5,105.72631578947369
1549,117,Apr,27,3,(SHIRYO-SORAN),2.7,36.86,105.9578947368421
1550,111,Apr,21,2,TOKITSUGU-KYOKI,4.3,39.74,106.07368421052631
1551,109,Apr,19,3,OYUDONONO-UENO-NIKKI [EDA],4.9,40.82,106.13684210526316
1552,104,Apr,13,2,TOKITSUGU-KYOKI,6.3,43.34,106.26315789473684
1553,119,Apr,29,3,OYUDONONO-UENO-NIKKI [EDA],2.2,35.96,106.38947368421053
1554,NA,NA,NA,NA,-,NA,NA,106.40425531914893
1555,101,Apr,11,2,OYUDONONO-UENO-NIKKI,7.2,44.96,106.45744680851064
1556,120,Apr,29,3,OYUDONONO-UENO-NIKKI [EDA],2,35.6,106.6063829787234
1557,93,Apr,3,2,TOKITSUGU-KYOKI,9.6,49.28,106.47872340425532
1558,111,Apr,21,3,OYUDONONO-UENO-NIKKI [EDA],4.3,39.74,106.46808510638297
1559,96,Apr,6,2,OYUDONONO-UENO-NIKKI,8.6,47.48,106.2872340425532
1560,100,Apr,9,2,DAINIHON-SHIRYO,7.4,45.32,106.17021276595744
1561,102,Apr,12,2,OYUDONONO-UENO-NIKKI,6.9,44.42,106.12765957446808
1562,99,Apr,9,2,OYUDONONO-UENO-NIKKI [EDA],7.7,45.86,106.05319148936171
1563,99,Apr,9,2,(SHIRYO-SORAN),7.7,45.86,106.03191489361703
1564,109,Apr,18,2,OYUDONONO-UENO-NIKKI,4.9,40.82,106.08510638297872
1565,114,Apr,24,2,(SHIRYO-SORAN),3.5,38.3,106.25531914893617
1566,97,Apr,7,2,(SHIRYO-SORAN),8.3,46.94,106.17021276595744
1567,108,Apr,18,2,OYUDONONO-UENO-NIKKI,5.2,41.36,106.24468085106383
1568,106,Apr,15,2,ATOKAGAMI,5.7,42.26,106.29787234042553
1569,NA,NA,NA,NA,-,NA,NA,106.29787234042553
1570,112,Apr,22,1,TOKITSUGU-KYOKI,4.1,39.38,106.3578947368421
1571,108,Apr,18,3,OYUDONONO-UENO-NIKKI [EDA],5.2,41.36,106.375
1572,107,Apr,16,3,OYUDONONO-UENO-NIKKI [EDA],5.4,41.72,106.30208333333333
1573,NA,NA,NA,NA,-,NA,NA,106.30208333333333
1574,98,Apr,8,8,EST-from-WF(MASAATSUKYO-EISO),8,46.4,106.30208333333333
1575,NA,NA,NA,NA,-,NA,NA,106.30208333333333
1576,109,Apr,18,3,OYUDONONO-UENO-NIKKI [EDA],4.9,40.82,106.39583333333333
1577,100,Apr,10,1,SHINCHO-KOKI,7.4,45.32,106.29166666666667
1578,NA,NA,NA,NA,-,NA,NA,106.2
1579,102,Apr,12,2,DAINIHON-SHIRYO,6.9,44.42,106.11578947368422
1580,97,Apr,6,2,DAINIHON-SHIRYO,8.3,46.94,106.0421052631579
1581,105,Apr,15,3,OYUDONONO-UENO-NIKKI [EDA],6,42.8,106.03157894736842
1582,NA,NA,NA,NA,-,NA,NA,106.01063829787235
1583,108,Apr,18,1,OYUDONONO-UENO-NIKKI,5.2,41.36,106.08510638297872
1584,106,Apr,15,2,SHUNKYUKI(DAIGO),5.7,42.26,106.18085106382979
1585,105,Apr,15,2,UNONOMONDOKI,6,42.8,106.29787234042553
1586,106,Apr,16,2,OYUDONONO-UENO-NIKKI,5.7,42.26,106.37234042553192
1587,105,Apr,15,3,OYUDONONO-UENO-NIKKI,6,42.8,106.5
1588,106,Apr,15,2,NA,5.7,42.26,106.53191489361703
1589,105,Apr,15,2,OYUDONONO-UENO-NIKKI,6,42.8,106.58510638297872
1590,102,Apr,12,2,(SHIRYO-SORAN),6.9,44.42,106.63829787234043
1591,94,Apr,4,2,HARETOYOKI,9.3,48.74,106.5
1592,98,Apr,7,4,TOKITSUNE-KYOKI,8,46.4,106.3936170212766
1593,113,Apr,23,2,TOKITSUNE-KYOKI(DAIGO),3.8,38.84,106.53191489361703
1594,93,Apr,3,2,(DAINIHON-SHIRYO(FUSHIMI)),9.6,49.28,106.3936170212766
1595,111,Apr,21,3,OYUDONONO-UENO-NIKKI,4.3,39.74,106.57446808510639
1596,104,Apr,13,2,GIENJUNKO-NIKKI(DAIGO),6.3,43.34,106.64893617021276
1597,114,Apr,24,2,GIENJUNKO-NIKKI(DAIGO),3.5,38.3,106.7127659574468
1598,110,Apr,20,2,GIENJUNKO-NIKKI(DAIGO),4.6,40.28,106.85106382978724
1599,103,Apr,13,2,GIENJUNKO-NIKKI(DAIGO),6.6,43.88,106.76595744680851
1600,101,Apr,10,2,GIENJUNKO-NIKKI(DAIGO),7.2,44.96,106.80851063829788
1601,93,Apr,3,1,GIENJUNKO-NIKKI(DAIGO),9.6,49.28,106.70212765957447
1602,107,Apr,17,1,GIENJUNKO-NIKKI(DAIGO),5.4,41.72,106.61702127659575
1603,99,Apr,9,1,GIENJUNKO-NIKKI(DAIGO),7.7,45.86,106.52127659574468
1604,95,Apr,4,1,GIENJUNKO-NIKKI(DAIGO),8.9,48.02,106.31914893617021
1605,105,Apr,15,1,TOKIYOSHI-KYOKI,6,42.8,106.30851063829788
1606,106,Apr,16,2,TOKIYOSHI-KYOKI,5.7,42.26,106.30851063829788
1607,110,Apr,20,2,SHUNKYUKI(DAIGO),4.6,40.28,106.32978723404256
1608,NA,NA,NA,NA,-,NA,NA,106.27956989247312
1609,108,Apr,18,2,TOKIYOSHI-KYOKI,5.2,41.36,106.34408602150538
1610,110,Apr,20,2,KEICHO-NIKKENROKU,4.6,40.28,106.34408602150538
1611,NA,NA,NA,NA,-,NA,NA,106.29347826086956
1612,87,Mar,27,1,GIENJUNKO-NIKKI(DAIGO),11.5,52.7,106.05434782608695
1613,106,Apr,16,2,TOKIYOSHI-KYOKI,5.7,42.26,106.01086956521739
1614,103,Apr,13,1,TOKIYOSHI-KYOKI,6.6,43.88,105.98913043478261
1615,110,Apr,20,2,YASUSHIGE-KYOKI,4.6,40.28,105.97826086956522
1616,122,May,1,2,YASUSHIGE-KYOKI,1.5,34.7,106.17391304347827
1617,107,Apr,17,2,YASUSHIGE-KYOKI,5.4,41.72,106.18478260869566
1618,102,Apr,12,1,TOKIYOSHI-KYOKI,6.9,44.42,106.04347826086956
1619,93,Apr,3,2,(DAINIHON-SHIRYO),9.6,49.28,105.84782608695652
1620,NA,NA,NA,NA,-,NA,NA,105.85714285714286
1621,109,Apr,19,2,(DAINIHON-SHIRYO),4.9,40.82,105.87912087912088
1622,106,Apr,16,2,RYOGEN-IN-KI,5.7,42.26,105.91208791208791
1623,113,Apr,23,2,YASUSHIGE-KYOKI,3.8,38.84,105.95604395604396
1624,112,Apr,21,1,YASUSHIGE-KYOKI,4.1,39.38,105.98901098901099
1625,95,Apr,5,2,OYUDONONO-UENO-NIKKI,8.9,48.02,105.89010989010988
1626,100,Apr,10,2,(SHIRYO-SORAN),7.4,45.32,105.74725274725274
1627,NA,NA,NA,NA,-,NA,NA,105.75555555555556
1628,104,Apr,13,1,ROKUON-NICHIROKU,6.3,43.34,105.73333333333333
1629,112,Apr,22,1,YASUSHIGE-KYOKI,4.1,39.38,105.78888888888889
1630,NA,NA,NA,NA,-,NA,NA,105.7752808988764
1631,NA,NA,NA,NA,-,NA,NA,105.80681818181819
1632,104,Apr,13,1,TOKIYOSHI-KYOKI,6.3,43.34,105.76136363636364
1633,98,Apr,8,2,OUCHI-NIKKI,8,46.4,105.61363636363636
1634,96,Apr,6,2,MICHIFUSA-KOKI,8.6,47.48,105.47727272727273
1635,97,Apr,7,2,(SHIRYO-SORAN),8.3,46.94,105.5
1636,NA,NA,NA,NA,-,NA,NA,105.47126436781609
1637,105,Apr,15,2,TOKIYOSHI-KYOKI,6,42.8,105.4367816091954
1638,105,Apr,15,2,KAKUMEIKI,6,42.8,105.35632183908046
1639,108,Apr,18,2,KAKUMEIKI,5.2,41.36,105.2183908045977
1640,103,Apr,12,4,KYOHAKUSHU,6.6,43.88,105
1641,117,Apr,27,2,HIRAMATSUKE-HINAMI-SHIKI,2.7,36.86,105.0919540229885
1642,114,Apr,24,2,HIRAMATSUKE-HINAMI-SHIKI,3.5,38.3,105.22988505747126
1643,114,Apr,24,2,KAKUMEIKI,3.5,38.3,105.17241379310344
1644,105,Apr,14,2,HIRAMATSU-TOKIMORIKI,6,42.8,105.14942528735632
1645,99,Apr,9,2,HIRAMATSU-TOKIMORIKI,7.7,45.86,105.17241379310344
1646,87,Mar,28,2,SHOHO-2-NEN-IKO-NIKKI,11.5,52.7,104.88505747126437
1647,112,Apr,22,2,KAKUMEIKI,4.1,39.38,104.97701149425288
1648,NA,NA,NA,NA,-,NA,NA,104.82558139534883
1649,104,Apr,14,2,KAKUMEIKI,6.3,43.34,104.67441860465117
1650,102,Apr,12,2,KAKUMEIKI,6.9,44.42,104.56976744186046
1651,107,Apr,17,2,ZOKU-SHIGUSHO,5.4,41.72,104.54651162790698
1652,107,Apr,16,2,KAKUMEIKI,5.4,41.72,104.5813953488372
1653,112,Apr,22,2,KAKUMEIKI,4.1,39.38,104.5
1654,104,Apr,14,2,KAKUMEIKI,6.3,43.34,104.49425287356321
1655,104,Apr,14,2,ISHIKAWA-NIKKI,6.3,43.34,104.52873563218391
1656,103,Apr,12,1,ISHIKAWA-NIKKI,6.6,43.88,104.33333333333333
1657,NA,NA,NA,NA,-,NA,NA,104.46511627906976
1658,108,Apr,18,2,KAKUMEIKI,5.2,41.36,104.43023255813954
1659,NA,NA,NA,NA,-,NA,NA,104.52941176470588
1660,111,Apr,20,2,KAKUMEIKI,4.3,39.74,104.65882352941176
1661,93,Apr,3,4,BURUI-GENYO-WAKASHU,9.6,49.28,104.55294117647058
1662,110,Apr,20,1,KAKUMEIKI,4.6,40.28,104.68235294117648
1663,105,Apr,15,2,KAKUMEIKI,6,42.8,104.75294117647059
1664,105,Apr,14,2,KAKUMEIKI,6,42.8,104.70588235294117
1665,112,Apr,22,2,KAKUMEIKI,4.1,39.38,104.68235294117648
1666,108,Apr,18,2,KIMITOSHI-KYOKI,5.2,41.36,104.81176470588235
1667,112,Apr,22,2,HAMURO-YORINARI-KI,4.1,39.38,104.85882352941177
1668,110,Apr,19,2,GYOJO-HOSSINNO-NIKKI [TOYOKUNI],4.6,40.28,104.90588235294118
1669,104,Apr,14,2,HAMURO-YORINARI-KI,6.3,43.34,104.8953488372093
1670,102,Apr,12,1,GYOJO-HOSSINNO-NIKKI,6.9,44.42,104.77906976744185
1671,116,Apr,26,2,GYOJO-HOSSINNO-NIKKI [KINDAI],3,37.4,104.87209302325581
1672,112,Apr,21,1,GYOJO-HOSSINNO-NIKKI [SEIRYODEN],4.1,39.38,104.93023255813954
1673,105,Apr,15,1,MUJOHOINDONO-GONIKKI,6,42.8,104.93103448275862
1674,115,Apr,25,2,GYOJO-HOSSINNO-NIKKI,3.2,37.76,105.1264367816092
1675,111,Apr,21,1,GYOJO-HOSSINNO-NIKKI [TOJI],4.3,39.74,105.19318181818181
1676,103,Apr,12,2,GYOJO-HOSSINNO-NIKKI,6.6,43.88,105.125
1677,96,Apr,6,1,MUJOHOINDONO-GONIKKI,8.6,47.48,105.07954545454545
1678,109,Apr,19,1,GYOJO-HOSSINNO-NIKKI [HIGASHI-IWAKURA],4.9,40.82,105.12359550561797
1679,114,Apr,24,2,MUJOHOINDONO-GONIKKI,3.5,38.3,105.25842696629213
1680,109,Apr,18,1,GYOJO-HOSSINNO-NIKKI [KIYOMIZU-CHIONIN],4.9,40.82,105.3932584269663
1681,110,Apr,20,3,OYUDONONO-UENO-NIKKI [EDA],4.6,40.28,105.4494382022472
1682,104,Apr,14,1,GYOJO-HOSSINNO-NIKKI [HIGASHIYAMA],6.3,43.34,105.43333333333334
1683,108,Apr,18,2,ITO-JINSAI-NIKKI,5.2,41.36,105.43333333333334
1684,118,Apr,27,1,GYOJO-HOSSINNO-NIKKI [HIGASHIYAMA],2.5,36.5,105.56666666666666
1685,106,Apr,16,3,OYUDONONO-UENO-NIKKI [EDA],5.7,42.26,105.57777777777778
1686,104,Apr,14,1,GYOJO-HOSSINNO-NIKKI,6.3,43.34,105.55555555555556
1687,104,Apr,14,1,GYOJO-HOSSINNO-NIKKI [HIGASHIYAMA],6.3,43.34,105.54444444444445
1688,114,Apr,23,2,GYOJO-HOSSINNO-NIKKI,3.5,38.3,105.63333333333334
1689,97,Apr,7,1,GYOJO-HOSSINNO-NIKKI [KOSAKATEI],8.3,46.94,105.54444444444445
1690,93,Apr,3,2,GYOJO-HOSSINNO-NIKKI [KOSAKATEI],9.6,49.28,105.44444444444444
1691,103,Apr,13,2,GYOJO-HOSSINNO-NIKKI [HIGASHIYAMA],6.6,43.88,105.54444444444445
1692,109,Apr,18,2,GYOJO-HOSSINNO-NIKKI [CHIONIN],4.9,40.82,105.66666666666667
1693,107,Apr,17,2,GYOJO-HOSSINNO-NIKKI [HIGASHIYAMA],5.4,41.72,105.6
1694,109,Apr,19,2,MYOHOIN-HINAMIKI,4.9,40.82,105.77777777777777
1695,120,Apr,30,2,MYOHOIN-HINAMIKI,2,35.6,105.87777777777778
1696,114,Apr,23,1,MOTOKAZU-KYOKI,3.5,38.3,105.9888888888889
1697,111,Apr,21,2,SADAMOTO-KYOKI,4.3,39.74,105.95555555555555
1698,101,Apr,11,2,MOTOKAZU-KYOKI,7.2,44.96,105.85555555555555
1699,97,Apr,7,2,MOTOHIRO-KOKI,8.3,46.94,105.78888888888889
1700,116,Apr,26,2,CHIONIN-NICHIKAGAMI,3,37.4,105.95555555555555
1701,112,Apr,22,2,MOTOKAZU-KYOKI,4.1,39.38,106.16666666666667
1702,116,Apr,26,2,MOTOHIRO-KOKI,3,37.4,106.26666666666667
1703,103,Apr,13,1,MYOHOIN-HINAMIKI,6.6,43.88,106.31111111111112
1704,113,Apr,22,2,MYOHOIN-HINAMIKI,3.8,38.84,106.5111111111111
1705,109,Apr,19,1,MYOHOIN-HINAMIKI,4.9,40.82,106.55555555555556
1706,115,Apr,25,1,KANEKA-KYOKI,3.2,37.76,106.65555555555555
1707,111,Apr,21,1,MYOHOIN-HINAMIKI,4.3,39.74,106.66666666666667
1708,103,Apr,12,1,MOTOHIRO-KOKI,6.6,43.88,106.62637362637362
1709,106,Apr,16,2,MOTOHIRO-KOKI,5.7,42.26,106.6043956043956
1710,NA,NA,NA,NA,-,NA,NA,106.56666666666666
1711,NA,NA,NA,NA,-,NA,NA,106.56666666666666
1712,NA,NA,NA,NA,-,NA,NA,106.78651685393258
1713,104,Apr,14,1,MYOHOIN-HINAMIKI,6.3,43.34,106.76404494382022
1714,108,Apr,18,1,MYOHOIN-HINAMIKI,5.2,41.36,106.82022471910112
1715,107,Apr,17,2,CHIONIN-NICHIKAGAMI,5.4,41.72,106.78651685393258
1716,110,Apr,19,1,MYOHOIN-HINAMIKI,4.6,40.28,106.65168539325843
1717,98,Apr,8,1,MOTOHIRO-KOKI,8,46.4,106.5505617977528
1718,102,Apr,12,1,MOTOHIRO-KOKI,6.9,44.42,106.5505617977528
1719,102,Apr,12,1,MOTOHIRO-KOKI,6.9,44.42,106.65168539325843
1720,114,Apr,23,1,NAKANOIN-MICHIEDAKI,3.5,38.3,106.73333333333333
1721,95,Apr,5,1,MOTOHIRO-KOKI,8.9,48.02,106.57777777777778
1722,100,Apr,10,1,MOTOHIRO-KOKI,7.4,45.32,106.5111111111111
1723,104,Apr,14,1,KIMIAKI-KYOKI,6.3,43.34,106.41111111111111
1724,99,Apr,8,2,MYOHOIN-HINAMIKI,7.7,45.86,106.26666666666667
1725,106,Apr,16,2,MOTONAGA-KYOKI,5.7,42.26,106.38888888888889
1726,116,Apr,26,2,KAIKI,3,37.4,106.56666666666666
1727,112,Apr,22,2,KAIKI,4.1,39.38,106.62637362637362
1728,104,Apr,13,2,KAIKI,6.3,43.34,106.62637362637362
1729,105,Apr,15,1,MYOHOIN-HINAMIKI,6,42.8,106.54945054945055
1730,NA,NA,NA,NA,-,NA,NA,106.54945054945055
1731,104,Apr,14,2,MITSUTSUNA-KYOKI,6.3,43.34,106.52173913043478
1732,108,Apr,17,2,GYOKYO-HOSSINNO-NIKKI,5.2,41.36,106.56521739130434
1733,107,Apr,17,2,MYOHOIN-HINAMIKI,5.4,41.72,106.66304347826087
1734,102,Apr,12,2,MYOHOIN-HINAMIKI [ARASHIYAMA],6.9,44.42,106.72826086956522
1735,101,Apr,11,2,MYOHOIN-HINAMIKI,7.2,44.96,106.77173913043478
1736,106,Apr,15,1,MICHIE-KOKI,5.7,42.26,106.76344086021506
1737,93,Apr,3,2,MYOHOIN-HINAMIKI,9.6,49.28,106.63440860215054
1738,101,Apr,11,2,MYOHOIN-HINAMIKI,7.2,44.96,106.59139784946237
1739,110,Apr,20,2,MICHIE-KOKI,4.6,40.28,106.61290322580645
1740,115,Apr,24,2,MYOHOIN-HINAMIKI,3.2,37.76,106.74193548387096
1741,109,Apr,19,2,MYOHOIN-HINAMIKI,4.9,40.82,106.65591397849462
1742,109,Apr,19,2,MYOHOIN-HINAMIKI,4.9,40.82,106.60215053763442
1743,108,Apr,18,2,MYOHOIN-HINAMIKI,5.2,41.36,106.53763440860214
1744,98,Apr,7,1,MYOHOIN-HINAMIKI,8,46.4,106.46236559139786
1745,105,Apr,15,1,MICHIE-KOKI,6,42.8,106.52688172043011
1746,110,Apr,20,2,MICHIE-KOKI,4.6,40.28,106.7741935483871
1747,101,Apr,11,1,MICHIE-KOKI,7.2,44.96,106.65591397849462
1748,96,Apr,5,2,MYOHOIN-HINAMIKI,8.6,47.48,106.54255319148936
1749,100,Apr,10,1,MYOHOIN-HINAMIKI,7.4,45.32,106.5
1750,110,Apr,20,2,MYOHOIN-HINAMIKI,4.6,40.28,106.58510638297872
1751,103,Apr,13,2,NAKANOIN-MICHIEDAKI,6.6,43.88,106.54255319148936
1752,110,Apr,19,1,NAKANOIN-MICHIEDAKI,4.6,40.28,106.57446808510639
1753,96,Apr,6,1,NAKANOIN-MICHIEDAKI,8.6,47.48,106.40425531914893
1754,115,Apr,25,2,SADAYUKI-KYOKI,3.2,37.76,106.52127659574468
1755,120,Apr,30,1,SADAYUKI-KYOKI,2,35.6,106.69148936170212
1756,109,Apr,18,1,NORINAGA-ZAIKYO-NIKKI,4.9,40.82,106.75531914893617
1757,112,Apr,22,2,MYOHOIN-HINAMIKI,4.1,39.38,106.81052631578947
1758,101,Apr,11,2,MYOHOIN-HINAMIKI,7.2,44.96,106.73684210526316
1759,109,Apr,19,2,MYOHOIN-HINAMIKI,4.9,40.82,106.76041666666667
1760,103,Apr,12,2,MYOHOIN-HINAMIKI,6.6,43.88,106.67708333333333
1761,89,Mar,30,2,MYOHOIN-HINAMIKI,10.8,51.44,106.63541666666667
1762,106,Apr,16,2,MYOHOIN-HINAMIKI,5.7,42.26,106.59375
1763,112,Apr,22,1,MYOHOIN-HINAMIKI,4.1,39.38,106.66666666666667
1764,98,Apr,7,2,GOSAKURAMACHI-TENNNOU-SHINKI,8,46.4,106.59375
1765,106,Apr,16,2,GOSAKURAMACHI-TENNNOU-SHINKI,5.7,42.26,106.53125
1766,113,Apr,23,2,GOSAKURAMACHI-TENNNOU-SHINKI,3.8,38.84,106.58333333333333
1767,101,Apr,11,2,GOSAKURAMACHI-TENNNOU-SHINKI,7.2,44.96,106.46875
1768,117,Apr,26,1,SADAHARU-KYOKI,2.7,36.86,106.54166666666667
1769,105,Apr,15,2,YANAGIHARA-KOREMITSU-NIKKI,6,42.8,106.55208333333333
1770,105,Apr,15,2,(SHIRYO-KOHON),6,42.8,106.58333333333333
1771,104,Apr,14,2,(SHIRYO-KOHON),6.3,43.34,106.45833333333333
1772,106,Apr,15,2,GOSAKURAMACHI-TENNNOU-SHINKI,5.7,42.26,106.39583333333333
1773,100,Apr,10,2,ZOKU-SHIGUSHO,7.4,45.32,106.34375
1774,110,Apr,20,2,GOSAKURAMACHI-TENNNOU-SHINKI,4.6,40.28,106.29166666666667
1775,99,Apr,9,2,GOMOMOZONO-TENNNOU-SHINKI,7.7,45.86,106.16666666666667
1776,108,Apr,17,2,TERUYOSHI-KOKI,5.2,41.36,106.21875
1777,104,Apr,14,1,MORIYAMA-TAKAMORI-NIKKI,6.3,43.34,106.30208333333333
1778,111,Apr,21,3,TERUYOSHI-KOKI,4.3,39.74,106.32291666666667
1779,96,Apr,6,2,MYOHOIN-HINAMIKI,8.6,47.48,106.13541666666667
1780,109,Apr,18,2,TERUYOSHI-KOKI,4.9,40.82,106.13541666666667
1781,91,Apr,1,3,MYOHOIN-HINAMIKI,10.2,50.36,105.9375
1782,109,Apr,19,2,TERUYOSHI-KOKI,4.9,40.82,105.98958333333333
1783,103,Apr,13,1,SUGIURAKE-NIKKI,6.6,43.88,105.9375
1784,105,Apr,14,1,SUGIURAKE-NIKKI,6,42.8,105.80208333333333
1785,108,Apr,18,1,SUGIURAKE-NIKKI,5.2,41.36,105.82291666666667
1786,106,Apr,16,1,SUGIURAKE-NIKKI,5.7,42.26,105.84375
1787,105,Apr,15,1,SUGIURAKE-NIKKI,6,42.8,105.85416666666667
1788,109,Apr,18,1,TERUYOSHI-KOKI,4.9,40.82,105.80208333333333
1789,106,Apr,16,1,KOUKANSIYU-NIKKI,5.7,42.26,105.89583333333333
1790,119,Apr,29,2,SUGIURAKE-NIKKI,2.2,35.96,106.16666666666667
1791,99,Apr,9,1,SUGIURAKE-NIKKI,7.7,45.86,106.125
1792,101,Apr,10,1,TERUYOSHI-KOKI,7.2,44.96,106.04166666666667
1793,106,Apr,16,2,TERUYOSHI-KOKI,5.7,42.26,106.03125
1794,104,Apr,14,1,SUGIURAKE-NIKKI,6.3,43.34,105.97916666666667
1795,113,Apr,23,1,TERUYOSHI-KOKI,3.8,38.84,105.90625
1796,103,Apr,12,2,SUGIURAKE-NIKKI,6.6,43.88,105.79166666666667
1797,97,Apr,7,2,TADAYOSHI-KOKI,8.3,46.94,105.64583333333333
1798,110,Apr,20,1,SUGIURAKE-NIKKI,4.6,40.28,105.73958333333333
1799,103,Apr,13,1,SUGIURAKE-NIKKI,6.6,43.88,105.80208333333333
1800,103,Apr,13,1,SUGIURAKE-NIKKI,6.6,43.88,105.66666666666667
1801,105,Apr,15,1,SUGIURAKE-NIKKI,6,42.8,105.59375
1802,96,Apr,6,1,SUGIURAKE-NIKKI,8.6,47.48,105.38541666666667
1803,110,Apr,20,1,SUGIURAKE-NIKKI,4.6,40.28,105.45833333333333
1804,104,Apr,13,1,SUGIURAKE-NIKKI,6.3,43.34,105.36458333333333
1805,93,Apr,3,1,SUGIURAKE-NIKKI,9.6,49.28,105.19791666666667
1806,114,Apr,24,1,SUGIURAKE-NIKKI,3.5,38.3,105.1875
1807,116,Apr,26,1,SUGIURAKE-NIKKI,3,37.4,105.23958333333333
1808,98,Apr,7,1,SUGIURAKE-NIKKI,8,46.4,105.1875
1809,107,Apr,17,1,SUGIURAKE-NIKKI,5.4,41.72,105.19791666666667
1810,100,Apr,10,1,SUGIURAKE-NIKKI,7.4,45.32,105.14432989690722
1811,110,Apr,20,1,SUGIURAKE-NIKKI,4.6,40.28,105.1938775510204
1812,120,Apr,29,1,SUGIURAKE-NIKKI,2,35.6,105.34343434343434
1813,107,Apr,17,2,SANEHISA-KYOKI,5.4,41.72,105.37373737373737
1814,113,Apr,23,1,RAI-SANYO-NIPPU,3.8,38.84,105.42424242424242
1815,111,Apr,21,1,SADANAKA-KYOKI,4.3,39.74,105.46464646464646
1816,103,Apr,12,1,HARU-NO-NISHIKI,6.6,43.88,105.39393939393939
1817,110,Apr,20,1,SADANAKA-KYOKI,4.6,40.28,105.51515151515152
1818,106,Apr,16,1,HIRAMATSUKE-NIKKI,5.7,42.26,105.55555555555556
1819,106,Apr,16,1,RAI-BAISHI-NIKKI,5.7,42.26,105.5959595959596
1820,95,Apr,4,2,RAI-SANYO-NIPPU,8.9,48.02,105.4040404040404
1821,109,Apr,19,2,SANEHISA-KYOKI,4.9,40.82,105.54545454545455
1822,102,Apr,12,2,RAI-SANYO-NIPPU,6.9,44.42,105.56565656565657
1823,106,Apr,16,2,RAI-SANYO-NIPPU,5.7,42.26,105.58585858585859
1824,108,Apr,17,1,RAI-BAISHI-NIKKI,5.2,41.36,105.67676767676768
1825,114,Apr,24,2,SANEHISA-KYOKI,3.5,38.3,105.75757575757575
1826,109,Apr,19,2,RAI-SANYO-NIPPU,4.9,40.82,105.68686868686869
1827,100,Apr,10,2,RAI-BAISHI-NIKKI,7.4,45.32,105.56565656565657
1828,113,Apr,22,2,RAI-SANYO-NIPPU,3.8,38.84,105.65656565656566
1829,112,Apr,22,1,RAI-BAISHI-NIKKI,4.1,39.38,105.72727272727273
1830,105,Apr,15,2,RAI-SANYO-NIPPU,6,42.8,105.72
1831,114,Apr,24,2,RAI-SANYO-NIPPU,3.5,38.3,105.82
1832,113,Apr,22,1,GAKUSUI-NIKKI,3.8,38.84,105.87
1833,107,Apr,17,2,GAKUSUI-NIKKI,5.4,41.72,105.87
1834,111,Apr,21,2,SUGIURAKE-NIKKI,4.3,39.74,105.96
1835,112,Apr,22,2,SUGIURAKE-NIKKI,4.1,39.38,106.07
1836,112,Apr,21,1,FUDEMAKASE,4.1,39.38,106.13
1837,111,Apr,21,2,SUGIURAKE-NIKKI,4.3,39.74,106.31
1838,109,Apr,19,2,SUGIURAKE-NIKKI,4.9,40.82,106.39
1839,120,Apr,30,2,SUGIURAKE-NIKKI,2,35.6,106.49
1840,105,Apr,14,2,SUGIURAKE-NIKKI,6,42.8,106.39
1841,107,Apr,17,2,KYOJIN-HOSSINNO-NIKKI,5.4,41.72,106.37
1842,96,Apr,6,2,KYOJIN-HOSSINNO-NIKKI,8.6,47.48,106.24
1843,106,Apr,16,1,SANEAKIRA-KYOKI,5.7,42.26,106.22
1844,106,Apr,15,2,SANEAKIRA-KYOKI,5.7,42.26,106.3
1845,102,Apr,12,2,SANEAKIRA-KYOKI,6.9,44.42,106.27
1846,98,Apr,8,4,TEIEN-EISO,8,46.4,106.15
1847,107,Apr,17,1,MADENOKOJI-NIKKI,5.4,41.72,106.21
1848,102,Apr,11,2,MIAKE-SHONOSUKE-NIKKI,6.9,44.42,106.27
1849,100,Apr,10,1,SANEAKIRA-KYOKI,7.4,45.32,106.27
1850,109,Apr,19,1,SUGIURAKE-NIKKI,4.9,40.82,106.26
1851,102,Apr,12,2,MADENOKOJI-NIKKI,6.9,44.42,106.25
1852,113,Apr,22,1,SADANAKA-KYOKI,3.8,38.84,106.28
1853,102,Apr,12,1,MADENOKOJI-NIKKI,6.9,44.42,106.34
1854,102,Apr,12,2,TAKOYAKUSHI-MACHINIKKI,6.9,44.42,106.21
1855,101,Apr,11,1,SADANAKA-KYOKI,7.2,44.96,106.02
1856,111,Apr,20,1,TAKAGI-ZAICHU-NIKKI,4.3,39.74,106.04
1857,108,Apr,18,1,HANA-NO-SHITABUSHI,5.2,41.36,106
1858,104,Apr,14,1,TAKAGI-ZAICHU-NIKKI,6.3,43.34,106.03
1859,110,Apr,20,2,NAKAYAMAISAKO-NIKKI,4.6,40.28,106.04
1860,113,Apr,22,2,TAKAGI-ZAICHU-NIKKI,3.8,38.84,106.14
1861,100,Apr,10,1,TAKAGI-ZAICHU-NIKKI,7.4,45.32,106.25
1862,117,Apr,27,2,KOMEI-TENNOKI,2.7,36.86,106.36
1863,118,Apr,28,4,YATAKA-SHU,2.5,36.5,106.42
1864,105,Apr,14,1,MADENOKOJI-NIKKI,6,42.8,106.49
1865,97,Apr,7,1,TAKAGI-ZAICHU-NIKKI,8.3,46.94,106.4
1866,102,Apr,12,2,KOMEI-TENNOKI,6.9,44.42,106.29
1867,101,Apr,11,2,OZAKITADAMASA-NIKKI,7.2,44.96,106.29
1868,104,Apr,13,2,GAKKAI-NICHIROKU,6.3,43.34,106.16
1869,105,Apr,15,2,TAKAGI-ZAICHU-NIKKI,6,42.8,106.16
1870,99,Apr,9,1,TAKAGI-ZAICHU-NIKKI,7.7,45.86,106.1
1871,104,Apr,14,1,TAKAGI-ZAICHU-NIKKI,6.3,43.34,106.1
1872,NA,NA,NA,NA,-,NA,NA,106.1010101010101
1873,104,Apr,14,2,HAYAMIKE-NIKKI,6.3,43.34,106.14141414141415
1874,107,Apr,17,2,HAYAMIKE-NIKKI,5.4,41.72,106.11111111111111
1875,103,Apr,13,2,HAYAMIKE-NIKKI,6.6,43.88,106.15151515151516
1876,111,Apr,20,2,HAYAMIKE-NIKKI,4.3,39.74,106.18181818181819
1877,104,Apr,14,1,SUGIURAKE-NIKKI,6.3,43.34,106.18181818181819
1878,101,Apr,11,2,HAYAMIKE-NIKKI,7.2,44.96,106.08080808080808
1879,102,Apr,12,2,SUGIURAKE-NIKKI,6.9,44.42,106.14141414141415
1880,110,Apr,19,2,SUGIURAKE-NIKKI,4.6,40.28,106.15151515151516
1881,112,Apr,22,1,UEKI-SHISEI-NIKKI,4.7,40.46,106.36363636363636
1882,97,Apr,7,1,SUGIURAKE-NIKKI,5.5,41.9,106.24242424242425
1883,107,Apr,17,2,SUGIURAKE-NIKKI,5.6,42.08,106.28282828282828
1884,109,Apr,18,2,SUGIURAKE-NIKKI,5.6,42.08,106.32323232323232
1885,113,Apr,23,2,NEWS-PAPER(ARASHIYAMA),3.8,38.84,106.37373737373737
1886,108,Apr,18,2,SUGIURAKE-NIKKI,7,44.6,106.39393939393939
1887,109,Apr,19,2,NEWS-PAPER(ARASHIYAMA),5.3,41.54,106.43434343434343
1888,107,Apr,16,0,NEWS-PAPER(ARASHIYAMA),7.5,45.5,106.41414141414141
1889,109,Apr,19,0,NEWS-PAPER(ARASHIYAMA),6.6,43.88,106.44444444444444
1890,98,Apr,8,0,UEKI-SHISEI-NIKKI,8.6,47.48,106.23232323232324
1891,99,Apr,9,0,NEWS-PAPER(ARASHIYAMA),7.8,46.04,106.23232323232324
1892,115,Apr,24,0,NEWS-PAPER(ARASHIYAMA),4.7,40.46,106.37373737373737
1893,109,Apr,19,0,NEWS-PAPER(ARASHIYAMA),5,41,106.4040404040404
1894,98,Apr,8,0,NEWS-PAPER(ARASHIYAMA),7.5,45.5,106.34343434343434
1895,NA,NA,NA,NA,-,6.8,44.24,106.27551020408163
1896,106,Apr,15,0,NEWS-PAPER(ARASHIYAMA),4.6,40.28,106.3061224489796
1897,106,Apr,16,0,NEWS-PAPER(ARASHIYAMA),6.2,43.16,106.39795918367346
1898,108,Apr,18,0,NEWS-PAPER(ARASHIYAMA),5.4,41.72,106.37755102040816
1899,99,Apr,9,0,NEWS-PAPER(ARASHIYAMA),7.1,44.78,106.33673469387755
1900,102,Apr,12,0,NEWS-PAPER(ARASHIYAMA),5.2,41.36,106.3265306122449
1901,102,Apr,12,0,NEWS-PAPER(ARASHIYAMA),5.2,41.36,106.29591836734694
1902,98,Apr,8,0,KYOTO-TETUDO-KANRIKYOKU ADV(ARASHIYAMA),7.8,46.04,106.31632653061224
1903,99,Apr,9,0,NEWS-PAPER(ARASHIYAMA),8.5,47.3,106.20408163265306
1904,108,Apr,17,0,NEWS-PAPER(ARASHIYAMA),6.3,43.34,106.24489795918367
1905,105,Apr,15,0,NEWS-PAPER(ARASHIYAMA),6.4,43.52,106.36734693877551
1906,105,Apr,15,0,KYOTO-TETUDO-KANRIKYOKU ADV(ARASHIYAMA),6.6,43.88,106.27551020408163
1907,103,Apr,13,0,KYOTO-TETUDO-KANRIKYOKU ADV(ARASHIYAMA),5.4,41.72,106.14285714285714
1908,102,Apr,11,0,TETUDOUIN AVD(ARASHIYAMA),6.2,43.16,106.18367346938776
1909,108,Apr,18,0,TETUDOUIN AVD(ARASHIYAMA),5.6,42.08,106.1938775510204
1910,104,Apr,14,0,TETUDOUIN AVD(ARASHIYAMA),4.7,40.46,106.23469387755102
1911,98,Apr,8,0,ARASHIYAMA-TETSUDO ADV(ARASHIYAMA),7.7,45.86,106.11224489795919
1912,105,Apr,14,0,TETUDOUIN AVD(ARASHIYAMA),7,44.6,105.95918367346938
1913,103,Apr,13,0,SEIBU-TETSUDO-KANRIKYOKU ADV(ARASHIYAMA),4.6,40.28,105.91836734693878
1914,102,Apr,12,0,KOBE-TETSUDO-KANRIKYOKU ADV(ARASHIYAMA),9,48.2,105.8061224489796
1915,102,Apr,12,0,NEWS-PAPER(ARASHIYAMA),5.6,42.08,105.71428571428571
1916,112,Apr,21,0,SEIBU-TETSUDO-KANRIKYOKU ADV(ARASHIYAMA),4.9,40.82,105.8061224489796
1917,103,Apr,13,0,NEWS-PAPER(ARASHIYAMA),6.1,42.98,105.73469387755102
1918,104,Apr,14,0,SEKI-HAJIME-NIKKI,6.5,43.7,105.71428571428571
1919,NA,NA,NA,NA,-,7.5,45.5,105.71134020618557
1920,104,Apr,13,0,NEWS-PAPER(ARASHIYAMA),7.2,44.96,105.80412371134021
1921,NA,NA,NA,NA,-,5.3,41.54,105.77083333333333
1922,101,Apr,11,0,KAJII-MOTOJIRO-SHOKAN,5.8,42.44,105.76041666666667
1923,97,Apr,7,0,NEWS-PAPER(ARASHIYAMA),8.1,46.58,105.66666666666667
1924,111,Apr,20,0,MITAMURA-ENGYO-NIKKI(ARASHIYAMA),4,39.2,105.69791666666667
1925,108,Apr,18,0,KEIHAN RAILWAY ADV(ARASHIYAMA),5.3,41.54,105.63541666666667
1926,108,Apr,18,0,KEIHAN RAILWAY ADV(ARASHIYAMA),5.4,41.72,105.625
1927,107,Apr,17,0,KEIHAN RAILWAY ADV(ARASHIYAMA),6.1,42.98,105.69791666666667
1928,107,Apr,16,0,KEIHAN RAILWAY ADV(ARASHIYAMA),6.4,43.52,105.63541666666667
1929,103,Apr,13,0,SHIN-KEIHAN RAILWAY ADV(ARASHIYAMA),5.9,42.62,105.54166666666667
1930,95,Apr,5,0,SHIN-KEIHAN RAILWAY ADV(ARASHIYAMA),8.3,46.94,105.4375
1931,105,Apr,15,0,NEWS-PAPER(ARASHIYAMA),6.8,44.24,105.34375
1932,105,Apr,14,0,KEIHAN RAILWAY ADV(ARASHIYAMA),5.8,42.44,105.26041666666667
1933,106,Apr,16,0,NEWS-PAPER(ARASHIYAMA),5.2,41.36,105.25
1934,104,Apr,14,0,NEWS-PAPER(ARASHIYAMA),5.5,41.9,105.17708333333333
1935,102,Apr,12,0,NHK(ARASHIYAMA),6.8,44.24,105.07291666666667
1936,111,Apr,20,0,NHK(ARASHIYAMA),4.5,40.1,105.0625
1937,100,Apr,10,0,NEWS-PAPER(ARASHIYAMA),7.3,45.14,104.94791666666667
1938,98,Apr,8,0,KEIHAN RAILWAY ADV(ARASHIYAMA),9,48.2,104.83333333333333
1939,104,Apr,14,0,KEIHAN RAILWAY ADV(ARASHIYAMA),6.8,44.24,104.66666666666667
1940,110,Apr,19,0,KEIHAN RAILWAY ADV(ARASHIYAMA),6.3,43.34,104.71875
1941,100,Apr,10,0,KEIHAN RAILWAY ADV(ARASHIYAMA),7.7,45.86,104.64583333333333
1942,96,Apr,6,0,ASADA-TAKASHI-NIKKI,9.9,49.82,104.64583333333333
1943,101,Apr,11,0,ASADA-TAKASHI-NIKKI,6.1,42.98,104.59375
1944,100,Apr,9,0,ASADA-TAKASHI-NIKKI,5.7,42.26,104.53125
1945,NA,NA,NA,NA,-,6.6,43.88,104.5578947368421
1946,97,Apr,7,0,NEWS-PAPER(ARASHIYAMA),6.1,42.98,104.54736842105264
1947,107,Apr,17,0,NEWS-PAPER(ARASHIYAMA),5.4,41.72,104.54736842105264
1948,102,Apr,11,0,NEWS-PAPER(ARASHIYAMA),6.4,43.52,104.54736842105264
1949,107,Apr,17,0,NEWS-PAPER(ARASHIYAMA),5.5,41.9,104.62105263157895
1950,99,Apr,9,0,NEWS-PAPET(DAIGO-JI),6.8,44.24,104.51578947368421
1951,98,Apr,8,0,NEWS-PAPER(ARASHIYAMA),7.4,45.32,104.47368421052632
1952,105,Apr,14,0,NEWS-PAPER(ARASHIYAMA),6.8,44.24,104.38947368421053
1953,100,Apr,11,0,Japan Meteorological Agency,8.6,47.48,104.36842105263158
1954,94,Apr,5,0,Japan Meteorological Agency,7.6,45.68,104.28421052631579
1955,96,Apr,7,0,Japan Meteorological Agency,9,48.2,104.23157894736842
1956,100,Apr,10,0,Japan Meteorological Agency,8.3,46.94,104.11578947368422
1957,101,Apr,12,0,Japan Meteorological Agency,5.2,41.36,104.0421052631579
1958,97,Apr,8,0,Japan Meteorological Agency,7.5,45.5,103.96842105263158
1959,91,Apr,2,0,Japan Meteorological Agency,9,48.2,103.76842105263158
1960,95,Apr,5,0,Japan Meteorological Agency,8.9,48.02,103.57894736842105
1961,95,Apr,6,0,Japan Meteorological Agency,8,46.4,103.52631578947368
1962,96,Apr,7,0,Japan Meteorological Agency,7.3,45.14,103.30526315789474
1963,98,Apr,9,0,Japan Meteorological Agency,7,44.6,103.09473684210526
1964,96,Apr,6,0,Japan Meteorological Agency,6.6,43.88,103
1965,106,Apr,17,0,Japan Meteorological Agency,5.5,41.9,103.09473684210526
1966,95,Apr,6,0,Japan Meteorological Agency,8.5,47.3,103.02105263157895
1967,95,Apr,6,0,Japan Meteorological Agency,7.7,45.86,102.9578947368421
1968,95,Apr,5,0,Japan Meteorological Agency,8,46.4,102.86315789473684
1969,102,Apr,13,0,Japan Meteorological Agency,6.9,44.42,102.83157894736843
1970,104,Apr,15,0,Japan Meteorological Agency,5,41,102.88421052631578
1971,96,Apr,7,0,Japan Meteorological Agency,7.4,45.32,102.8
1972,97,Apr,7,0,Japan Meteorological Agency,8.8,47.84,102.73958333333333
1973,97,Apr,8,0,Japan Meteorological Agency,7.8,46.04,102.66666666666667
1974,98,Apr,9,0,Japan Meteorological Agency,7,44.6,102.57291666666667
1975,99,Apr,10,0,Japan Meteorological Agency,7.4,45.32,102.53125
1976,99,Apr,9,0,Japan Meteorological Agency,7.9,46.22,102.40625
1977,92,Apr,3,0,Japan Meteorological Agency,8.7,47.66,102.28125
1978,102,Apr,13,0,Japan Meteorological Agency,7.6,45.68,102.29166666666667
1979,98,Apr,9,0,Japan Meteorological Agency,8,46.4,102.25
1980,98,Apr,8,0,Japan Meteorological Agency,7.3,45.14,102.125
1981,97,Apr,8,0,Japan Meteorological Agency,8.3,46.94,101.96875
1982,89,Mar,31,0,Japan Meteorological Agency,8.6,47.48,101.88541666666667
1983,98,Apr,9,0,Japan Meteorological Agency,7.8,46.04,101.79166666666667
1984,104,Apr,14,0,Japan Meteorological Agency,5.1,41.18,101.73958333333333
1985,97,Apr,8,0,Japan Meteorological Agency,8.5,47.3,101.57291666666667
1986,97,Apr,8,0,Japan Meteorological Agency,7.6,45.68,101.45833333333333
1987,95,Apr,6,0,Japan Meteorological Agency,8.2,46.76,101.3125
1988,101,Apr,11,0,Japan Meteorological Agency,7.3,45.14,101.25
1989,91,Apr,2,0,Japan Meteorological Agency,8.2,46.76,101.0625
1990,87,Mar,29,0,Japan Meteorological Agency,9.3,48.74,100.94791666666667
1991,95,Apr,6,0,Japan Meteorological Agency,9.4,48.92,100.90625
1992,93,Apr,3,0,Japan Meteorological Agency,9.7,49.46,100.67708333333333
1993,95,Apr,6,0,Japan Meteorological Agency,7.6,45.68,100.53125
1994,95,Apr,6,0,Japan Meteorological Agency,7.1,44.78,100.5
1995,95,Apr,6,0,Japan Meteorological Agency,8.6,47.48,100.44329896907216
1996,99,Apr,9,0,Japan Meteorological Agency,7.7,45.86,100.37113402061856
1997,93,Apr,4,0,Japan Meteorological Agency,9.3,48.74,100.23711340206185
1998,90,Apr,1,0,Japan Meteorological Agency,9.7,49.46,100.05154639175258
1999,91,Apr,2,0,Japan Meteorological Agency,9.9,49.82,99.96907216494846
2000,100,Apr,10,0,Japan Meteorological Agency,7.5,45.5,99.94845360824742
2001,92,Apr,3,0,Japan Meteorological Agency,8.6,47.48,99.84536082474227
2002,86,Mar,28,0,Japan Meteorological Agency,10.3,50.54,99.72164948453609
2003,93,Apr,4,0,Japan Meteorological Agency,7.3,45.14,99.65979381443299
2004,93,Apr,3,0,Japan Meteorological Agency,9.1,48.38,99.50515463917526
2005,97,Apr,8,0,Japan Meteorological Agency,7.7,45.86,99.42268041237114
2006,95,Apr,6,0,Japan Meteorological Agency,7.5,45.5,99.31958762886597
2007,92,Apr,3,0,Japan Meteorological Agency,8.6,47.48,99.20618556701031
2008,91,Apr,1,0,Japan Meteorological Agency,9.6,49.28,99.09278350515464
2009,94,Apr,5,0,Japan Meteorological Agency,8.8,47.84,98.94845360824742
2010,90,Apr,1,0,Japan Meteorological Agency,8.5,47.3,98.80412371134021
2011,96,Apr,7,0,Japan Meteorological Agency,6.8,44.24,98.78350515463917
2012,99,Apr,9,0,Japan Meteorological Agency,8.3,46.94,98.72164948453609
2013,88,Mar,30,0,Japan Meteorological Agency,9.7,49.46,98.56701030927834
2014,91,Apr,2,0,Japan Meteorological Agency,9,48.2,98.45360824742268
2015,90,Apr,1,0,Japan Meteorological Agency,9.4,48.92,98.3298969072165
2016,92,Apr,2,0,Japan Meteorological Agency,9.9,49.82,98.12371134020619
2017,96,Apr,7,0,Japan Meteorological Agency,8.2,46.76,98.05154639175258
2018,86,Mar,28,0,Japan Meteorological Agency,10.9,51.62,97.8659793814433
2019,95,Apr,6,0,Japan Meteorological Agency,9.6,49.28,97.83673469387755
2020,89,Mar,30,0,Japan Meteorological Agency,10.6,51.08,97.68367346938776
2021,84,Mar,26,0,Japan Meteorological Agency,11.6,52.88,97.54545454545455
